,station,id,phone,place_name
0,공덕,1301973155,010-3934-2301,할아버지공장
1,공덕,145791269,,어니언
2,공덕,1301973155,010-3934-2301,할아버지공장
3,공덕,145791269,,어니언
4,김포공항,1301973155,010-3934-2301,할아버지공장
5,김포공항,145791269,,어니언
6,김포공항,1301973155,010-3934-2301,할아버지공장
7,김포공항,145791269,,어니언
8,서울역,1301973155,010-3934-2301,할아버지공장
9,서울역,145791269,,어니언
10,서울역,1301973155,010-3934-2301,할아버지공장
11,서울역,145791269,,어니언
12,왕십리,1301973155,010-3934-2301,할아버지공장
13,왕십리,145791269,,어니언
14,왕십리,1301973155,010-3934-2301,할아버지공장
15,왕십리,145791269,,어니언
16,청량리,1301973155,010-3934-2301,할아버지공장
17,청량리,145791269,,어니언
18,청량리,1301973155,010-3934-2301,할아버지공장
19,청량리,145791269,,어니언
20,고속터미널,1301973155,010-3934-2301,할아버지공장
21,고속터미널,145791269,,어니언
22,고속터미널,1301973155,010-3934-2301,할아버지공장
23,고속터미널,145791269,,어니언
24,동대문역사문화공원,1301973155,010-3934-2301,할아버지공장
25,동대문역사문화공원,145791269,,어니언
26,동대문역사문화공원,1301973155,010-3934-2301,할아버지공장
27,동대문역사문화공원,145791269,,어니언
28,디지털미디어시티,1301973155,010-3934-2301,할아버지공장
29,디지털미디어시티,145791269,,어니언
30,디지털미디어시티,1301973155,010-3934-2301,할아버지공장
31,디지털미디어시티,145791269,,어니언
32,상봉,1301973155,010-3934-2301,할아버지공장
33,상봉,145791269,,어니언
34,상봉,1301973155,010-3934-2301,할아버지공장
35,상봉,145791269,,어니언
36,신설동,1301973155,010-3934-2301,할아버지공장
37,신설동,145791269,,어니언
38,신설동,1301973155,010-3934-2301,할아버지공장
39,신설동,145791269,,어니언
40,종로3가,1301973155,010-3934-2301,할아버지공장
41,종로3가,145791269,,어니언
42,종로3가,1301973155,010-3934-2301,할아버지공장
43,종로3가,145791269,,어니언
44,홍대입구,1301973155,010-3934-2301,할아버지공장
45,홍대입구,145791269,,어니언
46,홍대입구,1301973155,010-3934-2301,할아버지공장
47,홍대입구,145791269,,어니언
48,회기,1301973155,010-3934-2301,할아버지공장
49,회기,145791269,,어니언
50,회기,1301973155,010-3934-2301,할아버지공장
51,회기,145791269,,어니언
52,가락시장,1301973155,010-3934-2301,할아버지공장
53,가락시장,145791269,,어니언
54,가락시장,1301973155,010-3934-2301,할아버지공장
55,가락시장,145791269,,어니언
56,가산디지털단지,1301973155,010-3934-2301,할아버지공장
57,가산디지털단지,145791269,,어니언
58,가산디지털단지,1301973155,010-3934-2301,할아버지공장
59,가산디지털단지,145791269,,어니언
60,강남,1301973155,010-3934-2301,할아버지공장
61,강남,145791269,,어니언
62,강남,1301973155,010-3934-2301,할아버지공장
63,강남,145791269,,어니언
64,강남구청,1301973155,010-3934-2301,할아버지공장
65,강남구청,145791269,,어니언
66,강남구청,1301973155,010-3934-2301,할아버지공장
67,강남구청,145791269,,어니언
68,건대입구,1301973155,010-3934-2301,할아버지공장
69,건대입구,145791269,,어니언
70,건대입구,1301973155,010-3934-2301,할아버지공장
71,건대입구,145791269,,어니언
72,검암,1301973155,010-3934-2301,할아버지공장
73,검암,145791269,,어니언
74,검암,1301973155,010-3934-2301,할아버지공장
75,검암,145791269,,어니언
76,계양,1301973155,010-3934-2301,할아버지공장
77,계양,145791269,,어니언
78,계양,1301973155,010-3934-2301,할아버지공장
79,계양,145791269,,어니언
80,광운대,1301973155,010-3934-2301,할아버지공장
81,광운대,145791269,,어니언
82,광운대,1301973155,010-3934-2301,할아버지공장
83,광운대,145791269,,어니언
84,교대,1301973155,010-3934-2301,할아버지공장
85,교대,145791269,,어니언
86,교대,1301973155,010-3934-2301,할아버지공장
87,교대,145791269,,어니언
88,군자,1301973155,010-3934-2301,할아버지공장
89,군자,145791269,,어니언
90,군자,1301973155,010-3934-2301,할아버지공장
91,군자,145791269,,어니언
92,금정,1301973155,010-3934-2301,할아버지공장
93,금정,145791269,,어니언
94,금정,1301973155,010-3934-2301,할아버지공장
95,금정,145791269,,어니언
96,기흥,1301973155,010-3934-2301,할아버지공장
97,기흥,145791269,,어니언
98,기흥,1301973155,010-3934-2301,할아버지공장
99,기흥,145791269,,어니언
100,까치산,1301973155,010-3934-2301,할아버지공장
101,까치산,145791269,,어니언
102,까치산,1301973155,010-3934-2301,할아버지공장
103,까치산,145791269,,어니언
104,노량진,1301973155,010-3934-2301,할아버지공장
105,노량진,145791269,,어니언
106,노량진,1301973155,010-3934-2301,할아버지공장
107,노량진,145791269,,어니언
108,노원,1301973155,010-3934-2301,할아버지공장
109,노원,145791269,,어니언
110,노원,1301973155,010-3934-2301,할아버지공장
111,노원,145791269,,어니언
112,당산,1301973155,010-3934-2301,할아버지공장
113,당산,145791269,,어니언
114,당산,1301973155,010-3934-2301,할아버지공장
115,당산,145791269,,어니언
116,대곡,1301973155,010-3934-2301,할아버지공장
117,대곡,145791269,,어니언
118,대곡,1301973155,010-3934-2301,할아버지공장
119,대곡,145791269,,어니언
120,대림,1301973155,010-3934-2301,할아버지공장
121,대림,145791269,,어니언
122,대림,1301973155,010-3934-2301,할아버지공장
123,대림,145791269,,어니언
124,도곡,1301973155,010-3934-2301,할아버지공장
125,도곡,145791269,,어니언
126,도곡,1301973155,010-3934-2301,할아버지공장
127,도곡,145791269,,어니언
128,도봉산,1301973155,010-3934-2301,할아버지공장
129,도봉산,145791269,,어니언
130,도봉산,1301973155,010-3934-2301,할아버지공장
131,도봉산,145791269,,어니언
132,동대문,1301973155,010-3934-2301,할아버지공장
133,동대문,145791269,,어니언
134,동대문,1301973155,010-3934-2301,할아버지공장
135,동대문,145791269,,어니언
136,동묘앞,1301973155,010-3934-2301,할아버지공장
137,동묘앞,145791269,,어니언
138,동묘앞,1301973155,010-3934-2301,할아버지공장
139,동묘앞,145791269,,어니언
140,동작,1301973155,010-3934-2301,할아버지공장
141,동작,145791269,,어니언
142,동작,1301973155,010-3934-2301,할아버지공장
143,동작,145791269,,어니언
144,마곡나루,1301973155,010-3934-2301,할아버지공장
145,마곡나루,145791269,,어니언
146,마곡나루,1301973155,010-3934-2301,할아버지공장
147,마곡나루,145791269,,어니언
148,망우,1301973155,010-3934-2301,할아버지공장
149,망우,145791269,,어니언
150,망우,1301973155,010-3934-2301,할아버지공장
151,망우,145791269,,어니언
152,모란,1301973155,010-3934-2301,할아버지공장
153,모란,145791269,,어니언
154,모란,1301973155,010-3934-2301,할아버지공장
155,모란,145791269,,어니언
156,미금,1301973155,010-3934-2301,할아버지공장
157,미금,145791269,,어니언
158,미금,1301973155,010-3934-2301,할아버지공장
159,미금,145791269,,어니언
160,보문,1301973155,010-3934-2301,할아버지공장
161,보문,145791269,,어니언
162,보문,1301973155,010-3934-2301,할아버지공장
163,보문,145791269,,어니언
164,복정,1301973155,010-3934-2301,할아버지공장
165,복정,145791269,,어니언
166,복정,1301973155,010-3934-2301,할아버지공장
167,복정,145791269,,어니언
168,부평,1301973155,010-3934-2301,할아버지공장
169,부평,145791269,,어니언
170,부평,1301973155,010-3934-2301,할아버지공장
171,부평,145791269,,어니언
172,부평구청,1301973155,010-3934-2301,할아버지공장
173,부평구청,145791269,,어니언
174,부평구청,1301973155,010-3934-2301,할아버지공장
175,부평구청,145791269,,어니언
176,불광,1301973155,010-3934-2301,할아버지공장
177,불광,145791269,,어니언
178,불광,1301973155,010-3934-2301,할아버지공장
179,불광,145791269,,어니언
180,사당,1301973155,010-3934-2301,할아버지공장
181,사당,145791269,,어니언
182,사당,1301973155,010-3934-2301,할아버지공장
183,사당,145791269,,어니언
184,삼각지,1301973155,010-3934-2301,할아버지공장
185,삼각지,145791269,,어니언
186,삼각지,1301973155,010-3934-2301,할아버지공장
187,삼각지,145791269,,어니언
188,석계,1301973155,010-3934-2301,할아버지공장
189,석계,145791269,,어니언
190,석계,1301973155,010-3934-2301,할아버지공장
191,석계,145791269,,어니언
192,석촌,1301973155,010-3934-2301,할아버지공장
193,석촌,145791269,,어니언
194,석촌,1301973155,010-3934-2301,할아버지공장
195,석촌,145791269,,어니언
196,선릉,1301973155,010-3934-2301,할아버지공장
197,선릉,145791269,,어니언
198,선릉,1301973155,010-3934-2301,할아버지공장
199,선릉,145791269,,어니언
200,선정릉,1301973155,010-3934-2301,할아버지공장
201,선정릉,145791269,,어니언
202,선정릉,1301973155,010-3934-2301,할아버지공장
203,선정릉,145791269,,어니언
204,성신여대입구,1301973155,010-3934-2301,할아버지공장
205,성신여대입구,145791269,,어니언
206,성신여대입구,1301973155,010-3934-2301,할아버지공장
207,성신여대입구,145791269,,어니언
208,소사,1301973155,010-3934-2301,할아버지공장
209,소사,145791269,,어니언
210,소사,1301973155,010-3934-2301,할아버지공장
211,소사,145791269,,어니언
212,수서,1301973155,010-3934-2301,할아버지공장
213,수서,145791269,,어니언
214,수서,1301973155,010-3934-2301,할아버지공장
215,수서,145791269,,어니언
216,수원,1301973155,010-3934-2301,할아버지공장
217,수원,145791269,,어니언
218,수원,1301973155,010-3934-2301,할아버지공장
219,수원,145791269,,어니언
220,시청,1301973155,010-3934-2301,할아버지공장
221,시청,145791269,,어니언
222,시청,1301973155,010-3934-2301,할아버지공장
223,시청,145791269,,어니언
224,신길,1301973155,010-3934-2301,할아버지공장
225,신길,145791269,,어니언
226,신길,1301973155,010-3934-2301,할아버지공장
227,신길,145791269,,어니언
228,신내,1301973155,010-3934-2301,할아버지공장
229,신내,145791269,,어니언
230,신내,1301973155,010-3934-2301,할아버지공장
231,신내,145791269,,어니언
232,신당,1301973155,010-3934-2301,할아버지공장
233,신당,145791269,,어니언
234,신당,1301973155,010-3934-2301,할아버지공장
235,신당,145791269,,어니언
236,신도림,1301973155,010-3934-2301,할아버지공장
237,신도림,145791269,,어니언
238,신도림,1301973155,010-3934-2301,할아버지공장
239,신도림,145791269,,어니언
240,신촌,1301973155,010-3934-2301,할아버지공장
241,신촌,145791269,,어니언
242,신촌,1301973155,010-3934-2301,할아버지공장
243,신촌,145791269,,어니언
244,약수,1301973155,010-3934-2301,할아버지공장
245,약수,145791269,,어니언
246,약수,1301973155,010-3934-2301,할아버지공장
247,약수,145791269,,어니언
248,양재,1301973155,010-3934-2301,할아버지공장
249,양재,145791269,,어니언
250,양재,1301973155,010-3934-2301,할아버지공장
251,양재,145791269,,어니언
252,양평,1301973155,010-3934-2301,할아버지공장
253,양평,145791269,,어니언
254,양평,1301973155,010-3934-2301,할아버지공장
255,양평,145791269,,어니언
256,여의도,1301973155,010-3934-2301,할아버지공장
257,여의도,145791269,,어니언
258,여의도,1301973155,010-3934-2301,할아버지공장
259,여의도,145791269,,어니언
260,연신내,1301973155,010-3934-2301,할아버지공장
261,연신내,145791269,,어니언
262,연신내,1301973155,010-3934-2301,할아버지공장
263,연신내,145791269,,어니언
264,영등포구청,1301973155,010-3934-2301,할아버지공장
265,영등포구청,145791269,,어니언
266,영등포구청,1301973155,010-3934-2301,할아버지공장
267,영등포구청,145791269,,어니언
268,오금,1301973155,010-3934-2301,할아버지공장
269,오금,145791269,,어니언
270,오금,1301973155,010-3934-2301,할아버지공장
271,오금,145791269,,어니언
272,오이도,1301973155,010-3934-2301,할아버지공장
273,오이도,145791269,,어니언
274,오이도,1301973155,010-3934-2301,할아버지공장
275,오이도,145791269,,어니언
276,옥수,1301973155,010-3934-2301,할아버지공장
277,옥수,145791269,,어니언
278,옥수,1301973155,010-3934-2301,할아버지공장
279,옥수,145791269,,어니언
280,온수,1301973155,010-3934-2301,할아버지공장
281,온수,145791269,,어니언
282,온수,1301973155,010-3934-2301,할아버지공장
283,온수,145791269,,어니언
284,올림픽공원,1301973155,010-3934-2301,할아버지공장
285,올림픽공원,145791269,,어니언
286,올림픽공원,1301973155,010-3934-2301,할아버지공장
287,올림픽공원,145791269,,어니언
288,용산,1301973155,010-3934-2301,할아버지공장
289,용산,145791269,,어니언
290,용산,1301973155,010-3934-2301,할아버지공장
291,용산,145791269,,어니언
292,원인재,1301973155,010-3934-2301,할아버지공장
293,원인재,145791269,,어니언
294,원인재,1301973155,010-3934-2301,할아버지공장
295,원인재,145791269,,어니언
296,을지로3가,1301973155,010-3934-2301,할아버지공장
297,을지로3가,145791269,,어니언
298,을지로3가,1301973155,010-3934-2301,할아버지공장
299,을지로3가,145791269,,어니언
300,을지로4가,1301973155,010-3934-2301,할아버지공장
301,을지로4가,145791269,,어니언
302,을지로4가,1301973155,010-3934-2301,할아버지공장
303,을지로4가,145791269,,어니언
304,이매,1301973155,010-3934-2301,할아버지공장
305,이매,145791269,,어니언
306,이매,1301973155,010-3934-2301,할아버지공장
307,이매,145791269,,어니언
308,이촌,1301973155,010-3934-2301,할아버지공장
309,이촌,145791269,,어니언
310,이촌,1301973155,010-3934-2301,할아버지공장
311,이촌,145791269,,어니언
312,인천,1301973155,010-3934-2301,할아버지공장
313,인천,145791269,,어니언
314,인천,1301973155,010-3934-2301,할아버지공장
315,인천,145791269,,어니언
316,인천시청,1301973155,010-3934-2301,할아버지공장
317,인천시청,145791269,,어니언
318,인천시청,1301973155,010-3934-2301,할아버지공장
319,인천시청,145791269,,어니언
320,잠실,1301973155,010-3934-2301,할아버지공장
321,잠실,145791269,,어니언
322,잠실,1301973155,010-3934-2301,할아버지공장
323,잠실,145791269,,어니언
324,정자,1301973155,010-3934-2301,할아버지공장
325,정자,145791269,,어니언
326,정자,1301973155,010-3934-2301,할아버지공장
327,정자,145791269,,어니언
328,종합운동장,1301973155,010-3934-2301,할아버지공장
329,종합운동장,145791269,,어니언
330,종합운동장,1301973155,010-3934-2301,할아버지공장
331,종합운동장,145791269,,어니언
332,주안,1301973155,010-3934-2301,할아버지공장
333,주안,145791269,,어니언
334,주안,1301973155,010-3934-2301,할아버지공장
335,주안,145791269,,어니언
336,중랑,1301973155,010-3934-2301,할아버지공장
337,중랑,145791269,,어니언
338,중랑,1301973155,010-3934-2301,할아버지공장
339,중랑,145791269,,어니언
340,창동,1301973155,010-3934-2301,할아버지공장
341,창동,145791269,,어니언
342,창동,1301973155,010-3934-2301,할아버지공장
343,창동,145791269,,어니언
344,천호,1301973155,010-3934-2301,할아버지공장
345,천호,145791269,,어니언
346,천호,1301973155,010-3934-2301,할아버지공장
347,천호,145791269,,어니언
348,청구,1301973155,010-3934-2301,할아버지공장
349,청구,145791269,,어니언
350,청구,1301973155,010-3934-2301,할아버지공장
351,청구,145791269,,어니언
352,초지,1301973155,010-3934-2301,할아버지공장
353,초지,145791269,,어니언
354,초지,1301973155,010-3934-2301,할아버지공장
355,초지,145791269,,어니언
356,충무로,1301973155,010-3934-2301,할아버지공장
357,충무로,145791269,,어니언
358,충무로,1301973155,010-3934-2301,할아버지공장
359,충무로,145791269,,어니언
360,충정로,1301973155,010-3934-2301,할아버지공장
361,충정로,145791269,,어니언
362,충정로,1301973155,010-3934-2301,할아버지공장
363,충정로,145791269,,어니언
364,태릉입구,1301973155,010-3934-2301,할아버지공장
365,태릉입구,145791269,,어니언
366,태릉입구,1301973155,010-3934-2301,할아버지공장
367,태릉입구,145791269,,어니언
368,판교,1301973155,010-3934-2301,할아버지공장
369,판교,145791269,,어니언
370,판교,1301973155,010-3934-2301,할아버지공장
371,판교,145791269,,어니언
372,합정,1301973155,010-3934-2301,할아버지공장
373,합정,145791269,,어니언
374,합정,1301973155,010-3934-2301,할아버지공장
375,합정,145791269,,어니언
376,회룡,1301973155,010-3934-2301,할아버지공장
377,회룡,145791269,,어니언
378,회룡,1301973155,010-3934-2301,할아버지공장
379,회룡,145791269,,어니언
380,효창공원앞,1301973155,010-3934-2301,할아버지공장
381,효창공원앞,145791269,,어니언
382,효창공원앞,1301973155,010-3934-2301,할아버지공장
383,효창공원앞,145791269,,어니언
384,신사,1301973155,010-3934-2301,할아버지공장
385,신사,145791269,,어니언
386,신사,1301973155,010-3934-2301,할아버지공장
387,신사,145791269,,어니언
388,4?19민주묘지,1301973155,010-3934-2301,할아버지공장
389,4?19민주묘지,145791269,,어니언
390,4?19민주묘지,1301973155,010-3934-2301,할아버지공장
391,4?19민주묘지,145791269,,어니언
392,가능,1301973155,010-3934-2301,할아버지공장
393,가능,145791269,,어니언
394,가능,1301973155,010-3934-2301,할아버지공장
395,가능,145791269,,어니언
396,가양,1301973155,010-3934-2301,할아버지공장
397,가양,145791269,,어니언
398,가양,1301973155,010-3934-2301,할아버지공장
399,가양,145791269,,어니언
400,가오리,1301973155,010-3934-2301,할아버지공장
401,가오리,145791269,,어니언
402,가오리,1301973155,010-3934-2301,할아버지공장
403,가오리,145791269,,어니언
404,가재울,1301973155,010-3934-2301,할아버지공장
405,가재울,145791269,,어니언
406,가재울,1301973155,010-3934-2301,할아버지공장
407,가재울,145791269,,어니언
408,가정,1301973155,010-3934-2301,할아버지공장
409,가정,145791269,,어니언
410,가정,1301973155,010-3934-2301,할아버지공장
411,가정,145791269,,어니언
412,가정중앙시장,1301973155,010-3934-2301,할아버지공장
413,가정중앙시장,145791269,,어니언
414,가정중앙시장,1301973155,010-3934-2301,할아버지공장
415,가정중앙시장,145791269,,어니언
416,가좌,1301973155,010-3934-2301,할아버지공장
417,가좌,145791269,,어니언
418,가좌,1301973155,010-3934-2301,할아버지공장
419,가좌,145791269,,어니언
420,가천대,1301973155,010-3934-2301,할아버지공장
421,가천대,145791269,,어니언
422,가천대,1301973155,010-3934-2301,할아버지공장
423,가천대,145791269,,어니언
424,가평,1301973155,010-3934-2301,할아버지공장
425,가평,145791269,,어니언
426,가평,1301973155,010-3934-2301,할아버지공장
427,가평,145791269,,어니언
428,간석,1301973155,010-3934-2301,할아버지공장
429,간석,145791269,,어니언
430,간석,1301973155,010-3934-2301,할아버지공장
431,간석,145791269,,어니언
432,간석오거리,1301973155,010-3934-2301,할아버지공장
433,간석오거리,145791269,,어니언
434,간석오거리,1301973155,010-3934-2301,할아버지공장
435,간석오거리,145791269,,어니언
436,갈매,1301973155,010-3934-2301,할아버지공장
437,갈매,145791269,,어니언
438,갈매,1301973155,010-3934-2301,할아버지공장
439,갈매,145791269,,어니언
440,갈산,1301973155,010-3934-2301,할아버지공장
441,갈산,145791269,,어니언
442,갈산,1301973155,010-3934-2301,할아버지공장
443,갈산,145791269,,어니언
444,강남대,1301973155,010-3934-2301,할아버지공장
445,강남대,145791269,,어니언
446,강남대,1301973155,010-3934-2301,할아버지공장
447,강남대,145791269,,어니언
448,강동,1301973155,010-3934-2301,할아버지공장
449,강동,145791269,,어니언
450,강동,1301973155,010-3934-2301,할아버지공장
451,강동,145791269,,어니언
452,강동구청,1301973155,010-3934-2301,할아버지공장
453,강동구청,145791269,,어니언
454,강동구청,1301973155,010-3934-2301,할아버지공장
455,강동구청,145791269,,어니언
456,강매,1301973155,010-3934-2301,할아버지공장
457,강매,145791269,,어니언
458,강매,1301973155,010-3934-2301,할아버지공장
459,강매,145791269,,어니언
460,강변,1301973155,010-3934-2301,할아버지공장
461,강변,145791269,,어니언
462,강변,1301973155,010-3934-2301,할아버지공장
463,강변,145791269,,어니언
464,강촌,1301973155,010-3934-2301,할아버지공장
465,강촌,145791269,,어니언
466,강촌,1301973155,010-3934-2301,할아버지공장
467,강촌,145791269,,어니언
468,개롱,1301973155,010-3934-2301,할아버지공장
469,개롱,145791269,,어니언
470,개롱,1301973155,010-3934-2301,할아버지공장
471,개롱,145791269,,어니언
472,개봉,1301973155,010-3934-2301,할아버지공장
473,개봉,145791269,,어니언
474,개봉,1301973155,010-3934-2301,할아버지공장
475,개봉,145791269,,어니언
476,개포동,1301973155,010-3934-2301,할아버지공장
477,개포동,145791269,,어니언
478,개포동,1301973155,010-3934-2301,할아버지공장
479,개포동,145791269,,어니언
480,개화,1301973155,010-3934-2301,할아버지공장
481,개화,145791269,,어니언
482,개화,1301973155,010-3934-2301,할아버지공장
483,개화,145791269,,어니언
484,개화산,1301973155,010-3934-2301,할아버지공장
485,개화산,145791269,,어니언
486,개화산,1301973155,010-3934-2301,할아버지공장
487,개화산,145791269,,어니언
488,거여,1301973155,010-3934-2301,할아버지공장
489,거여,145791269,,어니언
490,거여,1301973155,010-3934-2301,할아버지공장
491,거여,145791269,,어니언
492,걸포북변,1301973155,010-3934-2301,할아버지공장
493,걸포북변,145791269,,어니언
494,걸포북변,1301973155,010-3934-2301,할아버지공장
495,걸포북변,145791269,,어니언
496,검단사거리,1301973155,010-3934-2301,할아버지공장
497,검단사거리,145791269,,어니언
498,검단사거리,1301973155,010-3934-2301,할아버지공장
499,검단사거리,145791269,,어니언
500,검단오류,1301973155,010-3934-2301,할아버지공장
501,검단오류,145791269,,어니언
502,검단오류,1301973155,010-3934-2301,할아버지공장
503,검단오류,145791269,,어니언
504,검바위,1301973155,010-3934-2301,할아버지공장
505,검바위,145791269,,어니언
506,검바위,1301973155,010-3934-2301,할아버지공장
507,검바위,145791269,,어니언
508,경기광주,1301973155,010-3934-2301,할아버지공장
509,경기광주,145791269,,어니언
510,경기광주,1301973155,010-3934-2301,할아버지공장
511,경기광주,145791269,,어니언
512,경기도청북부청사,1301973155,010-3934-2301,할아버지공장
513,경기도청북부청사,145791269,,어니언
514,경기도청북부청사,1301973155,010-3934-2301,할아버지공장
515,경기도청북부청사,145791269,,어니언
516,경마공원,1301973155,010-3934-2301,할아버지공장
517,경마공원,145791269,,어니언
518,경마공원,1301973155,010-3934-2301,할아버지공장
519,경마공원,145791269,,어니언
520,경복궁,1301973155,010-3934-2301,할아버지공장
521,경복궁,145791269,,어니언
522,경복궁,1301973155,010-3934-2301,할아버지공장
523,경복궁,145791269,,어니언
524,경인교대입구,1301973155,010-3934-2301,할아버지공장
525,경인교대입구,145791269,,어니언
526,경인교대입구,1301973155,010-3934-2301,할아버지공장
527,경인교대입구,145791269,,어니언
528,경전철의정부,1301973155,010-3934-2301,할아버지공장
529,경전철의정부,145791269,,어니언
530,경전철의정부,1301973155,010-3934-2301,할아버지공장
531,경전철의정부,145791269,,어니언
532,경찰병원,1301973155,010-3934-2301,할아버지공장
533,경찰병원,145791269,,어니언
534,경찰병원,1301973155,010-3934-2301,할아버지공장
535,경찰병원,145791269,,어니언
536,계산,1301973155,010-3934-2301,할아버지공장
537,계산,145791269,,어니언
538,계산,1301973155,010-3934-2301,할아버지공장
539,계산,145791269,,어니언
540,고덕,1301973155,010-3934-2301,할아버지공장
541,고덕,145791269,,어니언
542,고덕,1301973155,010-3934-2301,할아버지공장
543,고덕,145791269,,어니언
544,고려대,1301973155,010-3934-2301,할아버지공장
545,고려대,145791269,,어니언
546,고려대,1301973155,010-3934-2301,할아버지공장
547,고려대,145791269,,어니언
548,고잔,1301973155,010-3934-2301,할아버지공장
549,고잔,145791269,,어니언
550,고잔,1301973155,010-3934-2301,할아버지공장
551,고잔,145791269,,어니언
552,고진,1301973155,010-3934-2301,할아버지공장
553,고진,145791269,,어니언
554,고진,1301973155,010-3934-2301,할아버지공장
555,고진,145791269,,어니언
556,고촌,1301973155,010-3934-2301,할아버지공장
557,고촌,145791269,,어니언
558,고촌,1301973155,010-3934-2301,할아버지공장
559,고촌,145791269,,어니언
560,곡산,1301973155,010-3934-2301,할아버지공장
561,곡산,145791269,,어니언
562,곡산,1301973155,010-3934-2301,할아버지공장
563,곡산,145791269,,어니언
564,곤제,1301973155,010-3934-2301,할아버지공장
565,곤제,145791269,,어니언
566,곤제,1301973155,010-3934-2301,할아버지공장
567,곤제,145791269,,어니언
568,곤지암,1301973155,010-3934-2301,할아버지공장
569,곤지암,145791269,,어니언
570,곤지암,1301973155,010-3934-2301,할아버지공장
571,곤지암,145791269,,어니언
572,공릉,1301973155,010-3934-2301,할아버지공장
573,공릉,145791269,,어니언
574,공릉,1301973155,010-3934-2301,할아버지공장
575,공릉,145791269,,어니언
576,공항시장,1301973155,010-3934-2301,할아버지공장
577,공항시장,145791269,,어니언
578,공항시장,1301973155,010-3934-2301,할아버지공장
579,공항시장,145791269,,어니언
580,공항화물청사,1301973155,010-3934-2301,할아버지공장
581,공항화물청사,145791269,,어니언
582,공항화물청사,1301973155,010-3934-2301,할아버지공장
583,공항화물청사,145791269,,어니언
584,과천,1301973155,010-3934-2301,할아버지공장
585,과천,145791269,,어니언
586,과천,1301973155,010-3934-2301,할아버지공장
587,과천,145791269,,어니언
588,관악,1301973155,010-3934-2301,할아버지공장
589,관악,145791269,,어니언
590,관악,1301973155,010-3934-2301,할아버지공장
591,관악,145791269,,어니언
592,광교,1301973155,010-3934-2301,할아버지공장
593,광교,145791269,,어니언
594,광교,1301973155,010-3934-2301,할아버지공장
595,광교,145791269,,어니언
596,광교중앙,1301973155,010-3934-2301,할아버지공장
597,광교중앙,145791269,,어니언
598,광교중앙,1301973155,010-3934-2301,할아버지공장
599,광교중앙,145791269,,어니언
600,광나루,1301973155,010-3934-2301,할아버지공장
601,광나루,145791269,,어니언
602,광나루,1301973155,010-3934-2301,할아버지공장
603,광나루,145791269,,어니언
604,광명,1301973155,010-3934-2301,할아버지공장
605,광명,145791269,,어니언
606,광명,1301973155,010-3934-2301,할아버지공장
607,광명,145791269,,어니언
608,광명사거리,1301973155,010-3934-2301,할아버지공장
609,광명사거리,145791269,,어니언
610,광명사거리,1301973155,010-3934-2301,할아버지공장
611,광명사거리,145791269,,어니언
612,광화문,1301973155,010-3934-2301,할아버지공장
613,광화문,145791269,,어니언
614,광화문,1301973155,010-3934-2301,할아버지공장
615,광화문,145791269,,어니언
616,광흥창,1301973155,010-3934-2301,할아버지공장
617,광흥창,145791269,,어니언
618,광흥창,1301973155,010-3934-2301,할아버지공장
619,광흥창,145791269,,어니언
620,구래,1301973155,010-3934-2301,할아버지공장
621,구래,145791269,,어니언
622,구래,1301973155,010-3934-2301,할아버지공장
623,구래,145791269,,어니언
624,구로,1301973155,010-3934-2301,할아버지공장
625,구로,145791269,,어니언
626,구로,1301973155,010-3934-2301,할아버지공장
627,구로,145791269,,어니언
628,구로디지털단지,1301973155,010-3934-2301,할아버지공장
629,구로디지털단지,145791269,,어니언
630,구로디지털단지,1301973155,010-3934-2301,할아버지공장
631,구로디지털단지,145791269,,어니언
632,구룡,1301973155,010-3934-2301,할아버지공장
633,구룡,145791269,,어니언
634,구룡,1301973155,010-3934-2301,할아버지공장
635,구룡,145791269,,어니언
636,구리,1301973155,010-3934-2301,할아버지공장
637,구리,145791269,,어니언
638,구리,1301973155,010-3934-2301,할아버지공장
639,구리,145791269,,어니언
640,구반포,1301973155,010-3934-2301,할아버지공장
641,구반포,145791269,,어니언
642,구반포,1301973155,010-3934-2301,할아버지공장
643,구반포,145791269,,어니언
644,구산,1301973155,010-3934-2301,할아버지공장
645,구산,145791269,,어니언
646,구산,1301973155,010-3934-2301,할아버지공장
647,구산,145791269,,어니언
648,구성,1301973155,010-3934-2301,할아버지공장
649,구성,145791269,,어니언
650,구성,1301973155,010-3934-2301,할아버지공장
651,구성,145791269,,어니언
652,구의,1301973155,010-3934-2301,할아버지공장
653,구의,145791269,,어니언
654,구의,1301973155,010-3934-2301,할아버지공장
655,구의,145791269,,어니언
656,구일,1301973155,010-3934-2301,할아버지공장
657,구일,145791269,,어니언
658,구일,1301973155,010-3934-2301,할아버지공장
659,구일,145791269,,어니언
660,구파발,1301973155,010-3934-2301,할아버지공장
661,구파발,145791269,,어니언
662,구파발,1301973155,010-3934-2301,할아버지공장
663,구파발,145791269,,어니언
664,국수,1301973155,010-3934-2301,할아버지공장
665,국수,145791269,,어니언
666,국수,1301973155,010-3934-2301,할아버지공장
667,국수,145791269,,어니언
668,국제업무지구,1301973155,010-3934-2301,할아버지공장
669,국제업무지구,145791269,,어니언
670,국제업무지구,1301973155,010-3934-2301,할아버지공장
671,국제업무지구,145791269,,어니언
672,국회의사당,1301973155,010-3934-2301,할아버지공장
673,국회의사당,145791269,,어니언
674,국회의사당,1301973155,010-3934-2301,할아버지공장
675,국회의사당,145791269,,어니언
676,군포,1301973155,010-3934-2301,할아버지공장
677,군포,145791269,,어니언
678,군포,1301973155,010-3934-2301,할아버지공장
679,군포,145791269,,어니언
680,굴봉산,1301973155,010-3934-2301,할아버지공장
681,굴봉산,145791269,,어니언
682,굴봉산,1301973155,010-3934-2301,할아버지공장
683,굴봉산,145791269,,어니언
684,굴포천,1301973155,010-3934-2301,할아버지공장
685,굴포천,145791269,,어니언
686,굴포천,1301973155,010-3934-2301,할아버지공장
687,굴포천,145791269,,어니언
688,굽은다리,1301973155,010-3934-2301,할아버지공장
689,굽은다리,145791269,,어니언
690,굽은다리,1301973155,010-3934-2301,할아버지공장
691,굽은다리,145791269,,어니언
692,귤현,1301973155,010-3934-2301,할아버지공장
693,귤현,145791269,,어니언
694,귤현,1301973155,010-3934-2301,할아버지공장
695,귤현,145791269,,어니언
696,금곡,1301973155,010-3934-2301,할아버지공장
697,금곡,145791269,,어니언
698,금곡,1301973155,010-3934-2301,할아버지공장
699,금곡,145791269,,어니언
700,금릉,1301973155,010-3934-2301,할아버지공장
701,금릉,145791269,,어니언
702,금릉,1301973155,010-3934-2301,할아버지공장
703,금릉,145791269,,어니언
704,금천구청,1301973155,010-3934-2301,할아버지공장
705,금천구청,145791269,,어니언
706,금천구청,1301973155,010-3934-2301,할아버지공장
707,금천구청,145791269,,어니언
708,금촌,1301973155,010-3934-2301,할아버지공장
709,금촌,145791269,,어니언
710,금촌,1301973155,010-3934-2301,할아버지공장
711,금촌,145791269,,어니언
712,금호,1301973155,010-3934-2301,할아버지공장
713,금호,145791269,,어니언
714,금호,1301973155,010-3934-2301,할아버지공장
715,금호,145791269,,어니언
716,길동,1301973155,010-3934-2301,할아버지공장
717,길동,145791269,,어니언
718,길동,1301973155,010-3934-2301,할아버지공장
719,길동,145791269,,어니언
720,길음,1301973155,010-3934-2301,할아버지공장
721,길음,145791269,,어니언
722,길음,1301973155,010-3934-2301,할아버지공장
723,길음,145791269,,어니언
724,김량장,1301973155,010-3934-2301,할아버지공장
725,김량장,145791269,,어니언
726,김량장,1301973155,010-3934-2301,할아버지공장
727,김량장,145791269,,어니언
728,김유정,1301973155,010-3934-2301,할아버지공장
729,김유정,145791269,,어니언
730,김유정,1301973155,010-3934-2301,할아버지공장
731,김유정,145791269,,어니언
732,까치울,1301973155,010-3934-2301,할아버지공장
733,까치울,145791269,,어니언
734,까치울,1301973155,010-3934-2301,할아버지공장
735,까치울,145791269,,어니언
736,낙성대,1301973155,010-3934-2301,할아버지공장
737,낙성대,145791269,,어니언
738,낙성대,1301973155,010-3934-2301,할아버지공장
739,낙성대,145791269,,어니언
740,남구로,1301973155,010-3934-2301,할아버지공장
741,남구로,145791269,,어니언
742,남구로,1301973155,010-3934-2301,할아버지공장
743,남구로,145791269,,어니언
744,남동구청,1301973155,010-3934-2301,할아버지공장
745,남동구청,145791269,,어니언
746,남동구청,1301973155,010-3934-2301,할아버지공장
747,남동구청,145791269,,어니언
748,남동인더스파크,1301973155,010-3934-2301,할아버지공장
749,남동인더스파크,145791269,,어니언
750,남동인더스파크,1301973155,010-3934-2301,할아버지공장
751,남동인더스파크,145791269,,어니언
752,남부터미널,1301973155,010-3934-2301,할아버지공장
753,남부터미널,145791269,,어니언
754,남부터미널,1301973155,010-3934-2301,할아버지공장
755,남부터미널,145791269,,어니언
756,남성,1301973155,010-3934-2301,할아버지공장
757,남성,145791269,,어니언
758,남성,1301973155,010-3934-2301,할아버지공장
759,남성,145791269,,어니언
760,남영,1301973155,010-3934-2301,할아버지공장
761,남영,145791269,,어니언
762,남영,1301973155,010-3934-2301,할아버지공장
763,남영,145791269,,어니언
764,남춘천,1301973155,010-3934-2301,할아버지공장
765,남춘천,145791269,,어니언
766,남춘천,1301973155,010-3934-2301,할아버지공장
767,남춘천,145791269,,어니언
768,남태령,1301973155,010-3934-2301,할아버지공장
769,남태령,145791269,,어니언
770,남태령,1301973155,010-3934-2301,할아버지공장
771,남태령,145791269,,어니언
772,남한산성입구,1301973155,010-3934-2301,할아버지공장
773,남한산성입구,145791269,,어니언
774,남한산성입구,1301973155,010-3934-2301,할아버지공장
775,남한산성입구,145791269,,어니언
776,내방,1301973155,010-3934-2301,할아버지공장
777,내방,145791269,,어니언
778,내방,1301973155,010-3934-2301,할아버지공장
779,내방,145791269,,어니언
780,노들,1301973155,010-3934-2301,할아버지공장
781,노들,145791269,,어니언
782,노들,1301973155,010-3934-2301,할아버지공장
783,노들,145791269,,어니언
784,녹번,1301973155,010-3934-2301,할아버지공장
785,녹번,145791269,,어니언
786,녹번,1301973155,010-3934-2301,할아버지공장
787,녹번,145791269,,어니언
788,녹사평,1301973155,010-3934-2301,할아버지공장
789,녹사평,145791269,,어니언
790,녹사평,1301973155,010-3934-2301,할아버지공장
791,녹사평,145791269,,어니언
792,녹양,1301973155,010-3934-2301,할아버지공장
793,녹양,145791269,,어니언
794,녹양,1301973155,010-3934-2301,할아버지공장
795,녹양,145791269,,어니언
796,녹천,1301973155,010-3934-2301,할아버지공장
797,녹천,145791269,,어니언
798,녹천,1301973155,010-3934-2301,할아버지공장
799,녹천,145791269,,어니언
800,논현,1301973155,010-3934-2301,할아버지공장
801,논현,145791269,,어니언
802,논현,1301973155,010-3934-2301,할아버지공장
803,논현,145791269,,어니언
804,능곡,1301973155,010-3934-2301,할아버지공장
805,능곡,145791269,,어니언
806,능곡,1301973155,010-3934-2301,할아버지공장
807,능곡,145791269,,어니언
808,단대오거리,1301973155,010-3934-2301,할아버지공장
809,단대오거리,145791269,,어니언
810,단대오거리,1301973155,010-3934-2301,할아버지공장
811,단대오거리,145791269,,어니언
812,달미,1301973155,010-3934-2301,할아버지공장
813,달미,145791269,,어니언
814,달미,1301973155,010-3934-2301,할아버지공장
815,달미,145791269,,어니언
816,달월,1301973155,010-3934-2301,할아버지공장
817,달월,145791269,,어니언
818,달월,1301973155,010-3934-2301,할아버지공장
819,달월,145791269,,어니언
820,답십리,1301973155,010-3934-2301,할아버지공장
821,답십리,145791269,,어니언
822,답십리,1301973155,010-3934-2301,할아버지공장
823,답십리,145791269,,어니언
824,당고개,1301973155,010-3934-2301,할아버지공장
825,당고개,145791269,,어니언
826,당고개,1301973155,010-3934-2301,할아버지공장
827,당고개,145791269,,어니언
828,당정,1301973155,010-3934-2301,할아버지공장
829,당정,145791269,,어니언
830,당정,1301973155,010-3934-2301,할아버지공장
831,당정,145791269,,어니언
832,대공원,1301973155,010-3934-2301,할아버지공장
833,대공원,145791269,,어니언
834,대공원,1301973155,010-3934-2301,할아버지공장
835,대공원,145791269,,어니언
836,대모산입구,1301973155,010-3934-2301,할아버지공장
837,대모산입구,145791269,,어니언
838,대모산입구,1301973155,010-3934-2301,할아버지공장
839,대모산입구,145791269,,어니언
840,대방,1301973155,010-3934-2301,할아버지공장
841,대방,145791269,,어니언
842,대방,1301973155,010-3934-2301,할아버지공장
843,대방,145791269,,어니언
844,대성리,1301973155,010-3934-2301,할아버지공장
845,대성리,145791269,,어니언
846,대성리,1301973155,010-3934-2301,할아버지공장
847,대성리,145791269,,어니언
848,대야미,1301973155,010-3934-2301,할아버지공장
849,대야미,145791269,,어니언
850,대야미,1301973155,010-3934-2301,할아버지공장
851,대야미,145791269,,어니언
852,대청,1301973155,010-3934-2301,할아버지공장
853,대청,145791269,,어니언
854,대청,1301973155,010-3934-2301,할아버지공장
855,대청,145791269,,어니언
856,대치,1301973155,010-3934-2301,할아버지공장
857,대치,145791269,,어니언
858,대치,1301973155,010-3934-2301,할아버지공장
859,대치,145791269,,어니언
860,대화,1301973155,010-3934-2301,할아버지공장
861,대화,145791269,,어니언
862,대화,1301973155,010-3934-2301,할아버지공장
863,대화,145791269,,어니언
864,대흥,1301973155,010-3934-2301,할아버지공장
865,대흥,145791269,,어니언
866,대흥,1301973155,010-3934-2301,할아버지공장
867,대흥,145791269,,어니언
868,덕계,1301973155,010-3934-2301,할아버지공장
869,덕계,145791269,,어니언
870,덕계,1301973155,010-3934-2301,할아버지공장
871,덕계,145791269,,어니언
872,덕소,1301973155,010-3934-2301,할아버지공장
873,덕소,145791269,,어니언
874,덕소,1301973155,010-3934-2301,할아버지공장
875,덕소,145791269,,어니언
876,덕정,1301973155,010-3934-2301,할아버지공장
877,덕정,145791269,,어니언
878,덕정,1301973155,010-3934-2301,할아버지공장
879,덕정,145791269,,어니언
880,도농,1301973155,010-3934-2301,할아버지공장
881,도농,145791269,,어니언
882,도농,1301973155,010-3934-2301,할아버지공장
883,도농,145791269,,어니언
884,도림천,1301973155,010-3934-2301,할아버지공장
885,도림천,145791269,,어니언
886,도림천,1301973155,010-3934-2301,할아버지공장
887,도림천,145791269,,어니언
888,도봉,1301973155,010-3934-2301,할아버지공장
889,도봉,145791269,,어니언
890,도봉,1301973155,010-3934-2301,할아버지공장
891,도봉,145791269,,어니언
892,도심,1301973155,010-3934-2301,할아버지공장
893,도심,145791269,,어니언
894,도심,1301973155,010-3934-2301,할아버지공장
895,도심,145791269,,어니언
896,도원,1301973155,010-3934-2301,할아버지공장
897,도원,145791269,,어니언
898,도원,1301973155,010-3934-2301,할아버지공장
899,도원,145791269,,어니언
900,도화,1301973155,010-3934-2301,할아버지공장
901,도화,145791269,,어니언
902,도화,1301973155,010-3934-2301,할아버지공장
903,도화,145791269,,어니언
904,독립문,1301973155,010-3934-2301,할아버지공장
905,독립문,145791269,,어니언
906,독립문,1301973155,010-3934-2301,할아버지공장
907,독립문,145791269,,어니언
908,독바위,1301973155,010-3934-2301,할아버지공장
909,독바위,145791269,,어니언
910,독바위,1301973155,010-3934-2301,할아버지공장
911,독바위,145791269,,어니언
912,독산,1301973155,010-3934-2301,할아버지공장
913,독산,145791269,,어니언
914,독산,1301973155,010-3934-2301,할아버지공장
915,독산,145791269,,어니언
916,독정,1301973155,010-3934-2301,할아버지공장
917,독정,145791269,,어니언
918,독정,1301973155,010-3934-2301,할아버지공장
919,독정,145791269,,어니언
920,돌곶이,1301973155,010-3934-2301,할아버지공장
921,돌곶이,145791269,,어니언
922,돌곶이,1301973155,010-3934-2301,할아버지공장
923,돌곶이,145791269,,어니언
924,동대입구,1301973155,010-3934-2301,할아버지공장
925,동대입구,145791269,,어니언
926,동대입구,1301973155,010-3934-2301,할아버지공장
927,동대입구,145791269,,어니언
928,동두천,1301973155,010-3934-2301,할아버지공장
929,동두천,145791269,,어니언
930,동두천,1301973155,010-3934-2301,할아버지공장
931,동두천,145791269,,어니언
932,동두천중앙,1301973155,010-3934-2301,할아버지공장
933,동두천중앙,145791269,,어니언
934,동두천중앙,1301973155,010-3934-2301,할아버지공장
935,동두천중앙,145791269,,어니언
936,동막,1301973155,010-3934-2301,할아버지공장
937,동막,145791269,,어니언
938,동막,1301973155,010-3934-2301,할아버지공장
939,동막,145791269,,어니언
940,동백,1301973155,010-3934-2301,할아버지공장
941,동백,145791269,,어니언
942,동백,1301973155,010-3934-2301,할아버지공장
943,동백,145791269,,어니언
944,동수,1301973155,010-3934-2301,할아버지공장
945,동수,145791269,,어니언
946,동수,1301973155,010-3934-2301,할아버지공장
947,동수,145791269,,어니언
948,동암,1301973155,010-3934-2301,할아버지공장
949,동암,145791269,,어니언
950,동암,1301973155,010-3934-2301,할아버지공장
951,동암,145791269,,어니언
952,동오,1301973155,010-3934-2301,할아버지공장
953,동오,145791269,,어니언
954,동오,1301973155,010-3934-2301,할아버지공장
955,동오,145791269,,어니언
956,동인천,1301973155,010-3934-2301,할아버지공장
957,동인천,145791269,,어니언
958,동인천,1301973155,010-3934-2301,할아버지공장
959,동인천,145791269,,어니언
960,동천,1301973155,010-3934-2301,할아버지공장
961,동천,145791269,,어니언
962,동천,1301973155,010-3934-2301,할아버지공장
963,동천,145791269,,어니언
964,동춘,1301973155,010-3934-2301,할아버지공장
965,동춘,145791269,,어니언
966,동춘,1301973155,010-3934-2301,할아버지공장
967,동춘,145791269,,어니언
968,두정,1301973155,010-3934-2301,할아버지공장
969,두정,145791269,,어니언
970,두정,1301973155,010-3934-2301,할아버지공장
971,두정,145791269,,어니언
972,둔전,1301973155,010-3934-2301,할아버지공장
973,둔전,145791269,,어니언
974,둔전,1301973155,010-3934-2301,할아버지공장
975,둔전,145791269,,어니언
976,둔촌동,1301973155,010-3934-2301,할아버지공장
977,둔촌동,145791269,,어니언
978,둔촌동,1301973155,010-3934-2301,할아버지공장
979,둔촌동,145791269,,어니언
980,둔촌오륜,1301973155,010-3934-2301,할아버지공장
981,둔촌오륜,145791269,,어니언
982,둔촌오륜,1301973155,010-3934-2301,할아버지공장
983,둔촌오륜,145791269,,어니언
984,등촌,1301973155,010-3934-2301,할아버지공장
985,등촌,145791269,,어니언
986,등촌,1301973155,010-3934-2301,할아버지공장
987,등촌,145791269,,어니언
988,뚝섬,1301973155,010-3934-2301,할아버지공장
989,뚝섬,145791269,,어니언
990,뚝섬,1301973155,010-3934-2301,할아버지공장
991,뚝섬,145791269,,어니언
992,뚝섬유원지,1301973155,010-3934-2301,할아버지공장
993,뚝섬유원지,145791269,,어니언
994,뚝섬유원지,1301973155,010-3934-2301,할아버지공장
995,뚝섬유원지,145791269,,어니언
996,마곡,1301973155,010-3934-2301,할아버지공장
997,마곡,145791269,,어니언
998,마곡,1301973155,010-3934-2301,할아버지공장
999,마곡,145791269,,어니언
1000,마두,1301973155,010-3934-2301,할아버지공장
1001,마두,145791269,,어니언
1002,마두,1301973155,010-3934-2301,할아버지공장
1003,마두,145791269,,어니언
1004,마들,1301973155,010-3934-2301,할아버지공장
1005,마들,145791269,,어니언
1006,마들,1301973155,010-3934-2301,할아버지공장
1007,마들,145791269,,어니언
1008,마산,1301973155,010-3934-2301,할아버지공장
1009,마산,145791269,,어니언
1010,마산,1301973155,010-3934-2301,할아버지공장
1011,마산,145791269,,어니언
1012,마석,1301973155,010-3934-2301,할아버지공장
1013,마석,145791269,,어니언
1014,마석,1301973155,010-3934-2301,할아버지공장
1015,마석,145791269,,어니언
1016,마장,1301973155,010-3934-2301,할아버지공장
1017,마장,145791269,,어니언
1018,마장,1301973155,010-3934-2301,할아버지공장
1019,마장,145791269,,어니언
1020,마전,1301973155,010-3934-2301,할아버지공장
1021,마전,145791269,,어니언
1022,마전,1301973155,010-3934-2301,할아버지공장
1023,마전,145791269,,어니언
1024,마천,1301973155,010-3934-2301,할아버지공장
1025,마천,145791269,,어니언
1026,마천,1301973155,010-3934-2301,할아버지공장
1027,마천,145791269,,어니언
1028,마포,1301973155,010-3934-2301,할아버지공장
1029,마포,145791269,,어니언
1030,마포,1301973155,010-3934-2301,할아버지공장
1031,마포,145791269,,어니언
1032,마포구청,1301973155,010-3934-2301,할아버지공장
1033,마포구청,145791269,,어니언
1034,마포구청,1301973155,010-3934-2301,할아버지공장
1035,마포구청,145791269,,어니언
1036,만수,1301973155,010-3934-2301,할아버지공장
1037,만수,145791269,,어니언
1038,만수,1301973155,010-3934-2301,할아버지공장
1039,만수,145791269,,어니언
1040,망원,1301973155,010-3934-2301,할아버지공장
1041,망원,145791269,,어니언
1042,망원,1301973155,010-3934-2301,할아버지공장
1043,망원,145791269,,어니언
1044,망월사,1301973155,010-3934-2301,할아버지공장
1045,망월사,145791269,,어니언
1046,망월사,1301973155,010-3934-2301,할아버지공장
1047,망월사,145791269,,어니언
1048,망포,1301973155,010-3934-2301,할아버지공장
1049,망포,145791269,,어니언
1050,망포,1301973155,010-3934-2301,할아버지공장
1051,망포,145791269,,어니언
1052,매교,1301973155,010-3934-2301,할아버지공장
1053,매교,145791269,,어니언
1054,매교,1301973155,010-3934-2301,할아버지공장
1055,매교,145791269,,어니언
1056,매봉,1301973155,010-3934-2301,할아버지공장
1057,매봉,145791269,,어니언
1058,매봉,1301973155,010-3934-2301,할아버지공장
1059,매봉,145791269,,어니언
1060,매탄권선,1301973155,010-3934-2301,할아버지공장
1061,매탄권선,145791269,,어니언
1062,매탄권선,1301973155,010-3934-2301,할아버지공장
1063,매탄권선,145791269,,어니언
1064,먹골,1301973155,010-3934-2301,할아버지공장
1065,먹골,145791269,,어니언
1066,먹골,1301973155,010-3934-2301,할아버지공장
1067,먹골,145791269,,어니언
1068,면목,1301973155,010-3934-2301,할아버지공장
1069,면목,145791269,,어니언
1070,면목,1301973155,010-3934-2301,할아버지공장
1071,면목,145791269,,어니언
1072,명동,1301973155,010-3934-2301,할아버지공장
1073,명동,145791269,,어니언
1074,명동,1301973155,010-3934-2301,할아버지공장
1075,명동,145791269,,어니언
1076,명일,1301973155,010-3934-2301,할아버지공장
1077,명일,145791269,,어니언
1078,명일,1301973155,010-3934-2301,할아버지공장
1079,명일,145791269,,어니언
1080,명지대,1301973155,010-3934-2301,할아버지공장
1081,명지대,145791269,,어니언
1082,명지대,1301973155,010-3934-2301,할아버지공장
1083,명지대,145791269,,어니언
1084,명학,1301973155,010-3934-2301,할아버지공장
1085,명학,145791269,,어니언
1086,명학,1301973155,010-3934-2301,할아버지공장
1087,명학,145791269,,어니언
1088,모래내시장,1301973155,010-3934-2301,할아버지공장
1089,모래내시장,145791269,,어니언
1090,모래내시장,1301973155,010-3934-2301,할아버지공장
1091,모래내시장,145791269,,어니언
1092,목동,1301973155,010-3934-2301,할아버지공장
1093,목동,145791269,,어니언
1094,목동,1301973155,010-3934-2301,할아버지공장
1095,목동,145791269,,어니언
1096,몽촌토성,1301973155,010-3934-2301,할아버지공장
1097,몽촌토성,145791269,,어니언
1098,몽촌토성,1301973155,010-3934-2301,할아버지공장
1099,몽촌토성,145791269,,어니언
1100,무악재,1301973155,010-3934-2301,할아버지공장
1101,무악재,145791269,,어니언
1102,무악재,1301973155,010-3934-2301,할아버지공장
1103,무악재,145791269,,어니언
1104,문래,1301973155,010-3934-2301,할아버지공장
1105,문래,145791269,,어니언
1106,문래,1301973155,010-3934-2301,할아버지공장
1107,문래,145791269,,어니언
1108,문산,1301973155,010-3934-2301,할아버지공장
1109,문산,145791269,,어니언
1110,문산,1301973155,010-3934-2301,할아버지공장
1111,문산,145791269,,어니언
1112,문정,1301973155,010-3934-2301,할아버지공장
1113,문정,145791269,,어니언
1114,문정,1301973155,010-3934-2301,할아버지공장
1115,문정,145791269,,어니언
1116,문학경기장,1301973155,010-3934-2301,할아버지공장
1117,문학경기장,145791269,,어니언
1118,문학경기장,1301973155,010-3934-2301,할아버지공장
1119,문학경기장,145791269,,어니언
1120,미사,1301973155,010-3934-2301,할아버지공장
1121,미사,145791269,,어니언
1122,미사,1301973155,010-3934-2301,할아버지공장
1123,미사,145791269,,어니언
1124,미아,1301973155,010-3934-2301,할아버지공장
1125,미아,145791269,,어니언
1126,미아,1301973155,010-3934-2301,할아버지공장
1127,미아,145791269,,어니언
1128,미아사거리,1301973155,010-3934-2301,할아버지공장
1129,미아사거리,145791269,,어니언
1130,미아사거리,1301973155,010-3934-2301,할아버지공장
1131,미아사거리,145791269,,어니언
1132,박촌,1301973155,010-3934-2301,할아버지공장
1133,박촌,145791269,,어니언
1134,박촌,1301973155,010-3934-2301,할아버지공장
1135,박촌,145791269,,어니언
1136,반월,1301973155,010-3934-2301,할아버지공장
1137,반월,145791269,,어니언
1138,반월,1301973155,010-3934-2301,할아버지공장
1139,반월,145791269,,어니언
1140,반포,1301973155,010-3934-2301,할아버지공장
1141,반포,145791269,,어니언
1142,반포,1301973155,010-3934-2301,할아버지공장
1143,반포,145791269,,어니언
1144,발곡,1301973155,010-3934-2301,할아버지공장
1145,발곡,145791269,,어니언
1146,발곡,1301973155,010-3934-2301,할아버지공장
1147,발곡,145791269,,어니언
1148,발산,1301973155,010-3934-2301,할아버지공장
1149,발산,145791269,,어니언
1150,발산,1301973155,010-3934-2301,할아버지공장
1151,발산,145791269,,어니언
1152,방배,1301973155,010-3934-2301,할아버지공장
1153,방배,145791269,,어니언
1154,방배,1301973155,010-3934-2301,할아버지공장
1155,방배,145791269,,어니언
1156,방이,1301973155,010-3934-2301,할아버지공장
1157,방이,145791269,,어니언
1158,방이,1301973155,010-3934-2301,할아버지공장
1159,방이,145791269,,어니언
1160,방학,1301973155,010-3934-2301,할아버지공장
1161,방학,145791269,,어니언
1162,방학,1301973155,010-3934-2301,할아버지공장
1163,방학,145791269,,어니언
1164,방화,1301973155,010-3934-2301,할아버지공장
1165,방화,145791269,,어니언
1166,방화,1301973155,010-3934-2301,할아버지공장
1167,방화,145791269,,어니언
1168,배방,1301973155,010-3934-2301,할아버지공장
1169,배방,145791269,,어니언
1170,배방,1301973155,010-3934-2301,할아버지공장
1171,배방,145791269,,어니언
1172,백마,1301973155,010-3934-2301,할아버지공장
1173,백마,145791269,,어니언
1174,백마,1301973155,010-3934-2301,할아버지공장
1175,백마,145791269,,어니언
1176,백석,1301973155,010-3934-2301,할아버지공장
1177,백석,145791269,,어니언
1178,백석,1301973155,010-3934-2301,할아버지공장
1179,백석,145791269,,어니언
1180,백양리,1301973155,010-3934-2301,할아버지공장
1181,백양리,145791269,,어니언
1182,백양리,1301973155,010-3934-2301,할아버지공장
1183,백양리,145791269,,어니언
1184,백운,1301973155,010-3934-2301,할아버지공장
1185,백운,145791269,,어니언
1186,백운,1301973155,010-3934-2301,할아버지공장
1187,백운,145791269,,어니언
1188,버티고개,1301973155,010-3934-2301,할아버지공장
1189,버티고개,145791269,,어니언
1190,버티고개,1301973155,010-3934-2301,할아버지공장
1191,버티고개,145791269,,어니언
1192,범계,1301973155,010-3934-2301,할아버지공장
1193,범계,145791269,,어니언
1194,범계,1301973155,010-3934-2301,할아버지공장
1195,범계,145791269,,어니언
1196,범골,1301973155,010-3934-2301,할아버지공장
1197,범골,145791269,,어니언
1198,범골,1301973155,010-3934-2301,할아버지공장
1199,범골,145791269,,어니언
1200,별내,1301973155,010-3934-2301,할아버지공장
1201,별내,145791269,,어니언
1202,별내,1301973155,010-3934-2301,할아버지공장
1203,별내,145791269,,어니언
1204,병점,1301973155,010-3934-2301,할아버지공장
1205,병점,145791269,,어니언
1206,병점,1301973155,010-3934-2301,할아버지공장
1207,병점,145791269,,어니언
1208,보라매,1301973155,010-3934-2301,할아버지공장
1209,보라매,145791269,,어니언
1210,보라매,1301973155,010-3934-2301,할아버지공장
1211,보라매,145791269,,어니언
1212,보산,1301973155,010-3934-2301,할아버지공장
1213,보산,145791269,,어니언
1214,보산,1301973155,010-3934-2301,할아버지공장
1215,보산,145791269,,어니언
1216,보정,1301973155,010-3934-2301,할아버지공장
1217,보정,145791269,,어니언
1218,보정,1301973155,010-3934-2301,할아버지공장
1219,보정,145791269,,어니언
1220,보평,1301973155,010-3934-2301,할아버지공장
1221,보평,145791269,,어니언
1222,보평,1301973155,010-3934-2301,할아버지공장
1223,보평,145791269,,어니언
1224,봉명,1301973155,010-3934-2301,할아버지공장
1225,봉명,145791269,,어니언
1226,봉명,1301973155,010-3934-2301,할아버지공장
1227,봉명,145791269,,어니언
1228,봉은사,1301973155,010-3934-2301,할아버지공장
1229,봉은사,145791269,,어니언
1230,봉은사,1301973155,010-3934-2301,할아버지공장
1231,봉은사,145791269,,어니언
1232,봉천,1301973155,010-3934-2301,할아버지공장
1233,봉천,145791269,,어니언
1234,봉천,1301973155,010-3934-2301,할아버지공장
1235,봉천,145791269,,어니언
1236,봉화산,1301973155,010-3934-2301,할아버지공장
1237,봉화산,145791269,,어니언
1238,봉화산,1301973155,010-3934-2301,할아버지공장
1239,봉화산,145791269,,어니언
1240,부개,1301973155,010-3934-2301,할아버지공장
1241,부개,145791269,,어니언
1242,부개,1301973155,010-3934-2301,할아버지공장
1243,부개,145791269,,어니언
1244,부발,1301973155,010-3934-2301,할아버지공장
1245,부발,145791269,,어니언
1246,부발,1301973155,010-3934-2301,할아버지공장
1247,부발,145791269,,어니언
1248,부천,1301973155,010-3934-2301,할아버지공장
1249,부천,145791269,,어니언
1250,부천,1301973155,010-3934-2301,할아버지공장
1251,부천,145791269,,어니언
1252,부천시청,1301973155,010-3934-2301,할아버지공장
1253,부천시청,145791269,,어니언
1254,부천시청,1301973155,010-3934-2301,할아버지공장
1255,부천시청,145791269,,어니언
1256,부천종합운동장,1301973155,010-3934-2301,할아버지공장
1257,부천종합운동장,145791269,,어니언
1258,부천종합운동장,1301973155,010-3934-2301,할아버지공장
1259,부천종합운동장,145791269,,어니언
1260,부평삼거리,1301973155,010-3934-2301,할아버지공장
1261,부평삼거리,145791269,,어니언
1262,부평삼거리,1301973155,010-3934-2301,할아버지공장
1263,부평삼거리,145791269,,어니언
1264,부평시장,1301973155,010-3934-2301,할아버지공장
1265,부평시장,145791269,,어니언
1266,부평시장,1301973155,010-3934-2301,할아버지공장
1267,부평시장,145791269,,어니언
1268,북한산보국문,1301973155,010-3934-2301,할아버지공장
1269,북한산보국문,145791269,,어니언
1270,북한산보국문,1301973155,010-3934-2301,할아버지공장
1271,북한산보국문,145791269,,어니언
1272,북한산우이,1301973155,010-3934-2301,할아버지공장
1273,북한산우이,145791269,,어니언
1274,북한산우이,1301973155,010-3934-2301,할아버지공장
1275,북한산우이,145791269,,어니언
1276,사가정,1301973155,010-3934-2301,할아버지공장
1277,사가정,145791269,,어니언
1278,사가정,1301973155,010-3934-2301,할아버지공장
1279,사가정,145791269,,어니언
1280,사릉,1301973155,010-3934-2301,할아버지공장
1281,사릉,145791269,,어니언
1282,사릉,1301973155,010-3934-2301,할아버지공장
1283,사릉,145791269,,어니언
1284,사우,1301973155,010-3934-2301,할아버지공장
1285,사우,145791269,,어니언
1286,사우,1301973155,010-3934-2301,할아버지공장
1287,사우,145791269,,어니언
1288,사평,1301973155,010-3934-2301,할아버지공장
1289,사평,145791269,,어니언
1290,사평,1301973155,010-3934-2301,할아버지공장
1291,사평,145791269,,어니언
1292,산본,1301973155,010-3934-2301,할아버지공장
1293,산본,145791269,,어니언
1294,산본,1301973155,010-3934-2301,할아버지공장
1295,산본,145791269,,어니언
1296,산성,1301973155,010-3934-2301,할아버지공장
1297,산성,145791269,,어니언
1298,산성,1301973155,010-3934-2301,할아버지공장
1299,산성,145791269,,어니언
1300,삼가,1301973155,010-3934-2301,할아버지공장
1301,삼가,145791269,,어니언
1302,삼가,1301973155,010-3934-2301,할아버지공장
1303,삼가,145791269,,어니언
1304,삼동,1301973155,010-3934-2301,할아버지공장
1305,삼동,145791269,,어니언
1306,삼동,1301973155,010-3934-2301,할아버지공장
1307,삼동,145791269,,어니언
1308,삼산체육관,1301973155,010-3934-2301,할아버지공장
1309,삼산체육관,145791269,,어니언
1310,삼산체육관,1301973155,010-3934-2301,할아버지공장
1311,삼산체육관,145791269,,어니언
1312,삼성,1301973155,010-3934-2301,할아버지공장
1313,삼성,145791269,,어니언
1314,삼성,1301973155,010-3934-2301,할아버지공장
1315,삼성,145791269,,어니언
1316,삼성중앙,1301973155,010-3934-2301,할아버지공장
1317,삼성중앙,145791269,,어니언
1318,삼성중앙,1301973155,010-3934-2301,할아버지공장
1319,삼성중앙,145791269,,어니언
1320,삼송,1301973155,010-3934-2301,할아버지공장
1321,삼송,145791269,,어니언
1322,삼송,1301973155,010-3934-2301,할아버지공장
1323,삼송,145791269,,어니언
1324,삼양,1301973155,010-3934-2301,할아버지공장
1325,삼양,145791269,,어니언
1326,삼양,1301973155,010-3934-2301,할아버지공장
1327,삼양,145791269,,어니언
1328,삼양사거리,1301973155,010-3934-2301,할아버지공장
1329,삼양사거리,145791269,,어니언
1330,삼양사거리,1301973155,010-3934-2301,할아버지공장
1331,삼양사거리,145791269,,어니언
1332,삼전,1301973155,010-3934-2301,할아버지공장
1333,삼전,145791269,,어니언
1334,삼전,1301973155,010-3934-2301,할아버지공장
1335,삼전,145791269,,어니언
1336,상갈,1301973155,010-3934-2301,할아버지공장
1337,상갈,145791269,,어니언
1338,상갈,1301973155,010-3934-2301,할아버지공장
1339,상갈,145791269,,어니언
1340,상계,1301973155,010-3934-2301,할아버지공장
1341,상계,145791269,,어니언
1342,상계,1301973155,010-3934-2301,할아버지공장
1343,상계,145791269,,어니언
1344,상도,1301973155,010-3934-2301,할아버지공장
1345,상도,145791269,,어니언
1346,상도,1301973155,010-3934-2301,할아버지공장
1347,상도,145791269,,어니언
1348,상동,1301973155,010-3934-2301,할아버지공장
1349,상동,145791269,,어니언
1350,상동,1301973155,010-3934-2301,할아버지공장
1351,상동,145791269,,어니언
1352,상록수,1301973155,010-3934-2301,할아버지공장
1353,상록수,145791269,,어니언
1354,상록수,1301973155,010-3934-2301,할아버지공장
1355,상록수,145791269,,어니언
1356,상수,1301973155,010-3934-2301,할아버지공장
1357,상수,145791269,,어니언
1358,상수,1301973155,010-3934-2301,할아버지공장
1359,상수,145791269,,어니언
1360,상왕십리,1301973155,010-3934-2301,할아버지공장
1361,상왕십리,145791269,,어니언
1362,상왕십리,1301973155,010-3934-2301,할아버지공장
1363,상왕십리,145791269,,어니언
1364,상월곡,1301973155,010-3934-2301,할아버지공장
1365,상월곡,145791269,,어니언
1366,상월곡,1301973155,010-3934-2301,할아버지공장
1367,상월곡,145791269,,어니언
1368,상일동,1301973155,010-3934-2301,할아버지공장
1369,상일동,145791269,,어니언
1370,상일동,1301973155,010-3934-2301,할아버지공장
1371,상일동,145791269,,어니언
1372,상천,1301973155,010-3934-2301,할아버지공장
1373,상천,145791269,,어니언
1374,상천,1301973155,010-3934-2301,할아버지공장
1375,상천,145791269,,어니언
1376,상현,1301973155,010-3934-2301,할아버지공장
1377,상현,145791269,,어니언
1378,상현,1301973155,010-3934-2301,할아버지공장
1379,상현,145791269,,어니언
1380,새말,1301973155,010-3934-2301,할아버지공장
1381,새말,145791269,,어니언
1382,새말,1301973155,010-3934-2301,할아버지공장
1383,새말,145791269,,어니언
1384,새절,1301973155,010-3934-2301,할아버지공장
1385,새절,145791269,,어니언
1386,새절,1301973155,010-3934-2301,할아버지공장
1387,새절,145791269,,어니언
1388,샛강,1301973155,010-3934-2301,할아버지공장
1389,샛강,145791269,,어니언
1390,샛강,1301973155,010-3934-2301,할아버지공장
1391,샛강,145791269,,어니언
1392,서강대,1301973155,010-3934-2301,할아버지공장
1393,서강대,145791269,,어니언
1394,서강대,1301973155,010-3934-2301,할아버지공장
1395,서강대,145791269,,어니언
1396,서구청,1301973155,010-3934-2301,할아버지공장
1397,서구청,145791269,,어니언
1398,서구청,1301973155,010-3934-2301,할아버지공장
1399,서구청,145791269,,어니언
1400,서대문,1301973155,010-3934-2301,할아버지공장
1401,서대문,145791269,,어니언
1402,서대문,1301973155,010-3934-2301,할아버지공장
1403,서대문,145791269,,어니언
1404,서동탄,1301973155,010-3934-2301,할아버지공장
1405,서동탄,145791269,,어니언
1406,서동탄,1301973155,010-3934-2301,할아버지공장
1407,서동탄,145791269,,어니언
1408,서부여성회관,1301973155,010-3934-2301,할아버지공장
1409,서부여성회관,145791269,,어니언
1410,서부여성회관,1301973155,010-3934-2301,할아버지공장
1411,서부여성회관,145791269,,어니언
1412,서빙고,1301973155,010-3934-2301,할아버지공장
1413,서빙고,145791269,,어니언
1414,서빙고,1301973155,010-3934-2301,할아버지공장
1415,서빙고,145791269,,어니언
1416,서울대입구,1301973155,010-3934-2301,할아버지공장
1417,서울대입구,145791269,,어니언
1418,서울대입구,1301973155,010-3934-2301,할아버지공장
1419,서울대입구,145791269,,어니언
1420,서울숲,1301973155,010-3934-2301,할아버지공장
1421,서울숲,145791269,,어니언
1422,서울숲,1301973155,010-3934-2301,할아버지공장
1423,서울숲,145791269,,어니언
1424,서정리,1301973155,010-3934-2301,할아버지공장
1425,서정리,145791269,,어니언
1426,서정리,1301973155,010-3934-2301,할아버지공장
1427,서정리,145791269,,어니언
1428,서초,1301973155,010-3934-2301,할아버지공장
1429,서초,145791269,,어니언
1430,서초,1301973155,010-3934-2301,할아버지공장
1431,서초,145791269,,어니언
1432,서현,1301973155,010-3934-2301,할아버지공장
1433,서현,145791269,,어니언
1434,서현,1301973155,010-3934-2301,할아버지공장
1435,서현,145791269,,어니언
1436,석남,1301973155,010-3934-2301,할아버지공장
1437,석남,145791269,,어니언
1438,석남,1301973155,010-3934-2301,할아버지공장
1439,석남,145791269,,어니언
1440,석바위시장,1301973155,010-3934-2301,할아버지공장
1441,석바위시장,145791269,,어니언
1442,석바위시장,1301973155,010-3934-2301,할아버지공장
1443,석바위시장,145791269,,어니언
1444,석수,1301973155,010-3934-2301,할아버지공장
1445,석수,145791269,,어니언
1446,석수,1301973155,010-3934-2301,할아버지공장
1447,석수,145791269,,어니언
1448,석천사거리,1301973155,010-3934-2301,할아버지공장
1449,석천사거리,145791269,,어니언
1450,석천사거리,1301973155,010-3934-2301,할아버지공장
1451,석천사거리,145791269,,어니언
1452,석촌고분,1301973155,010-3934-2301,할아버지공장
1453,석촌고분,145791269,,어니언
1454,석촌고분,1301973155,010-3934-2301,할아버지공장
1455,석촌고분,145791269,,어니언
1456,선바위,1301973155,010-3934-2301,할아버지공장
1457,선바위,145791269,,어니언
1458,선바위,1301973155,010-3934-2301,할아버지공장
1459,선바위,145791269,,어니언
1460,선부,1301973155,010-3934-2301,할아버지공장
1461,선부,145791269,,어니언
1462,선부,1301973155,010-3934-2301,할아버지공장
1463,선부,145791269,,어니언
1464,선유도,1301973155,010-3934-2301,할아버지공장
1465,선유도,145791269,,어니언
1466,선유도,1301973155,010-3934-2301,할아버지공장
1467,선유도,145791269,,어니언
1468,선학,1301973155,010-3934-2301,할아버지공장
1469,선학,145791269,,어니언
1470,선학,1301973155,010-3934-2301,할아버지공장
1471,선학,145791269,,어니언
1472,성균관대,1301973155,010-3934-2301,할아버지공장
1473,성균관대,145791269,,어니언
1474,성균관대,1301973155,010-3934-2301,할아버지공장
1475,성균관대,145791269,,어니언
1476,성복,1301973155,010-3934-2301,할아버지공장
1477,성복,145791269,,어니언
1478,성복,1301973155,010-3934-2301,할아버지공장
1479,성복,145791269,,어니언
1480,성수,1301973155,010-3934-2301,할아버지공장
1481,성수,145791269,,어니언
1482,성수,1301973155,010-3934-2301,할아버지공장
1483,성수,145791269,,어니언
1484,성환,1301973155,010-3934-2301,할아버지공장
1485,성환,145791269,,어니언
1486,성환,1301973155,010-3934-2301,할아버지공장
1487,성환,145791269,,어니언
1488,세류,1301973155,010-3934-2301,할아버지공장
1489,세류,145791269,,어니언
1490,세류,1301973155,010-3934-2301,할아버지공장
1491,세류,145791269,,어니언
1492,세마,1301973155,010-3934-2301,할아버지공장
1493,세마,145791269,,어니언
1494,세마,1301973155,010-3934-2301,할아버지공장
1495,세마,145791269,,어니언
1496,세종대왕릉,1301973155,010-3934-2301,할아버지공장
1497,세종대왕릉,145791269,,어니언
1498,세종대왕릉,1301973155,010-3934-2301,할아버지공장
1499,세종대왕릉,145791269,,어니언
1500,센트럴파크,1301973155,010-3934-2301,할아버지공장
1501,센트럴파크,145791269,,어니언
1502,센트럴파크,1301973155,010-3934-2301,할아버지공장
1503,센트럴파크,145791269,,어니언
1504,소래포구,1301973155,010-3934-2301,할아버지공장
1505,소래포구,145791269,,어니언
1506,소래포구,1301973155,010-3934-2301,할아버지공장
1507,소래포구,145791269,,어니언
1508,소새울,1301973155,010-3934-2301,할아버지공장
1509,소새울,145791269,,어니언
1510,소새울,1301973155,010-3934-2301,할아버지공장
1511,소새울,145791269,,어니언
1512,소요산,1301973155,010-3934-2301,할아버지공장
1513,소요산,145791269,,어니언
1514,소요산,1301973155,010-3934-2301,할아버지공장
1515,소요산,145791269,,어니언
1516,솔밭공원,1301973155,010-3934-2301,할아버지공장
1517,솔밭공원,145791269,,어니언
1518,솔밭공원,1301973155,010-3934-2301,할아버지공장
1519,솔밭공원,145791269,,어니언
1520,솔샘,1301973155,010-3934-2301,할아버지공장
1521,솔샘,145791269,,어니언
1522,솔샘,1301973155,010-3934-2301,할아버지공장
1523,솔샘,145791269,,어니언
1524,송내,1301973155,010-3934-2301,할아버지공장
1525,송내,145791269,,어니언
1526,송내,1301973155,010-3934-2301,할아버지공장
1527,송내,145791269,,어니언
1528,송도,1301973155,010-3934-2301,할아버지공장
1529,송도,145791269,,어니언
1530,송도,1301973155,010-3934-2301,할아버지공장
1531,송도,145791269,,어니언
1532,송산,1301973155,010-3934-2301,할아버지공장
1533,송산,145791269,,어니언
1534,송산,1301973155,010-3934-2301,할아버지공장
1535,송산,145791269,,어니언
1536,송정,1301973155,010-3934-2301,할아버지공장
1537,송정,145791269,,어니언
1538,송정,1301973155,010-3934-2301,할아버지공장
1539,송정,145791269,,어니언
1540,송탄,1301973155,010-3934-2301,할아버지공장
1541,송탄,145791269,,어니언
1542,송탄,1301973155,010-3934-2301,할아버지공장
1543,송탄,145791269,,어니언
1544,송파,1301973155,010-3934-2301,할아버지공장
1545,송파,145791269,,어니언
1546,송파,1301973155,010-3934-2301,할아버지공장
1547,송파,145791269,,어니언
1548,송파나루,1301973155,010-3934-2301,할아버지공장
1549,송파나루,145791269,,어니언
1550,송파나루,1301973155,010-3934-2301,할아버지공장
1551,송파나루,145791269,,어니언
1552,수내,1301973155,010-3934-2301,할아버지공장
1553,수내,145791269,,어니언
1554,수내,1301973155,010-3934-2301,할아버지공장
1555,수내,145791269,,어니언
1556,수락산,1301973155,010-3934-2301,할아버지공장
1557,수락산,145791269,,어니언
1558,수락산,1301973155,010-3934-2301,할아버지공장
1559,수락산,145791269,,어니언
1560,수리산,1301973155,010-3934-2301,할아버지공장
1561,수리산,145791269,,어니언
1562,수리산,1301973155,010-3934-2301,할아버지공장
1563,수리산,145791269,,어니언
1564,수색,1301973155,010-3934-2301,할아버지공장
1565,수색,145791269,,어니언
1566,수색,1301973155,010-3934-2301,할아버지공장
1567,수색,145791269,,어니언
1568,수원시청,1301973155,010-3934-2301,할아버지공장
1569,수원시청,145791269,,어니언
1570,수원시청,1301973155,010-3934-2301,할아버지공장
1571,수원시청,145791269,,어니언
1572,수유,1301973155,010-3934-2301,할아버지공장
1573,수유,145791269,,어니언
1574,수유,1301973155,010-3934-2301,할아버지공장
1575,수유,145791269,,어니언
1576,수지구청,1301973155,010-3934-2301,할아버지공장
1577,수지구청,145791269,,어니언
1578,수지구청,1301973155,010-3934-2301,할아버지공장
1579,수지구청,145791269,,어니언
1580,수진,1301973155,010-3934-2301,할아버지공장
1581,수진,145791269,,어니언
1582,수진,1301973155,010-3934-2301,할아버지공장
1583,수진,145791269,,어니언
1584,숙대입구,1301973155,010-3934-2301,할아버지공장
1585,숙대입구,145791269,,어니언
1586,숙대입구,1301973155,010-3934-2301,할아버지공장
1587,숙대입구,145791269,,어니언
1588,숭실대입구,1301973155,010-3934-2301,할아버지공장
1589,숭실대입구,145791269,,어니언
1590,숭실대입구,1301973155,010-3934-2301,할아버지공장
1591,숭실대입구,145791269,,어니언
1592,숭의,1301973155,010-3934-2301,할아버지공장
1593,숭의,145791269,,어니언
1594,숭의,1301973155,010-3934-2301,할아버지공장
1595,숭의,145791269,,어니언
1596,시민공원,1301973155,010-3934-2301,할아버지공장
1597,시민공원,145791269,,어니언
1598,시민공원,1301973155,010-3934-2301,할아버지공장
1599,시민공원,145791269,,어니언
1600,시청.용인대,1301973155,010-3934-2301,할아버지공장
1601,시청.용인대,145791269,,어니언
1602,시청.용인대,1301973155,010-3934-2301,할아버지공장
1603,시청.용인대,145791269,,어니언
1604,시흥능곡,1301973155,010-3934-2301,할아버지공장
1605,시흥능곡,145791269,,어니언
1606,시흥능곡,1301973155,010-3934-2301,할아버지공장
1607,시흥능곡,145791269,,어니언
1608,시흥대야,1301973155,010-3934-2301,할아버지공장
1609,시흥대야,145791269,,어니언
1610,시흥대야,1301973155,010-3934-2301,할아버지공장
1611,시흥대야,145791269,,어니언
1612,시흥시청,1301973155,010-3934-2301,할아버지공장
1613,시흥시청,145791269,,어니언
1614,시흥시청,1301973155,010-3934-2301,할아버지공장
1615,시흥시청,145791269,,어니언
1616,신갈,1301973155,010-3934-2301,할아버지공장
1617,신갈,145791269,,어니언
1618,신갈,1301973155,010-3934-2301,할아버지공장
1619,신갈,145791269,,어니언
1620,신금호,1301973155,010-3934-2301,할아버지공장
1621,신금호,145791269,,어니언
1622,신금호,1301973155,010-3934-2301,할아버지공장
1623,신금호,145791269,,어니언
1624,신길온천,1301973155,010-3934-2301,할아버지공장
1625,신길온천,145791269,,어니언
1626,신길온천,1301973155,010-3934-2301,할아버지공장
1627,신길온천,145791269,,어니언
1628,신논현,1301973155,010-3934-2301,할아버지공장
1629,신논현,145791269,,어니언
1630,신논현,1301973155,010-3934-2301,할아버지공장
1631,신논현,145791269,,어니언
1632,신답,1301973155,010-3934-2301,할아버지공장
1633,신답,145791269,,어니언
1634,신답,1301973155,010-3934-2301,할아버지공장
1635,신답,145791269,,어니언
1636,신대방,1301973155,010-3934-2301,할아버지공장
1637,신대방,145791269,,어니언
1638,신대방,1301973155,010-3934-2301,할아버지공장
1639,신대방,145791269,,어니언
1640,신대방삼거리,1301973155,010-3934-2301,할아버지공장
1641,신대방삼거리,145791269,,어니언
1642,신대방삼거리,1301973155,010-3934-2301,할아버지공장
1643,신대방삼거리,145791269,,어니언
1644,신둔도예촌,1301973155,010-3934-2301,할아버지공장
1645,신둔도예촌,145791269,,어니언
1646,신둔도예촌,1301973155,010-3934-2301,할아버지공장
1647,신둔도예촌,145791269,,어니언
1648,신림,1301973155,010-3934-2301,할아버지공장
1649,신림,145791269,,어니언
1650,신림,1301973155,010-3934-2301,할아버지공장
1651,신림,145791269,,어니언
1652,신목동,1301973155,010-3934-2301,할아버지공장
1653,신목동,145791269,,어니언
1654,신목동,1301973155,010-3934-2301,할아버지공장
1655,신목동,145791269,,어니언
1656,신반포,1301973155,010-3934-2301,할아버지공장
1657,신반포,145791269,,어니언
1658,신반포,1301973155,010-3934-2301,할아버지공장
1659,신반포,145791269,,어니언
1660,신방화,1301973155,010-3934-2301,할아버지공장
1661,신방화,145791269,,어니언
1662,신방화,1301973155,010-3934-2301,할아버지공장
1663,신방화,145791269,,어니언
1664,신연수,1301973155,010-3934-2301,할아버지공장
1665,신연수,145791269,,어니언
1666,신연수,1301973155,010-3934-2301,할아버지공장
1667,신연수,145791269,,어니언
1668,신용산,1301973155,010-3934-2301,할아버지공장
1669,신용산,145791269,,어니언
1670,신용산,1301973155,010-3934-2301,할아버지공장
1671,신용산,145791269,,어니언
1672,신원,1301973155,010-3934-2301,할아버지공장
1673,신원,145791269,,어니언
1674,신원,1301973155,010-3934-2301,할아버지공장
1675,신원,145791269,,어니언
1676,신이문,1301973155,010-3934-2301,할아버지공장
1677,신이문,145791269,,어니언
1678,신이문,1301973155,010-3934-2301,할아버지공장
1679,신이문,145791269,,어니언
1680,신정,1301973155,010-3934-2301,할아버지공장
1681,신정,145791269,,어니언
1682,신정,1301973155,010-3934-2301,할아버지공장
1683,신정,145791269,,어니언
1684,신정네거리,1301973155,010-3934-2301,할아버지공장
1685,신정네거리,145791269,,어니언
1686,신정네거리,1301973155,010-3934-2301,할아버지공장
1687,신정네거리,145791269,,어니언
1688,신중동,1301973155,010-3934-2301,할아버지공장
1689,신중동,145791269,,어니언
1690,신중동,1301973155,010-3934-2301,할아버지공장
1691,신중동,145791269,,어니언
1692,신창,1301973155,010-3934-2301,할아버지공장
1693,신창,145791269,,어니언
1694,신창,1301973155,010-3934-2301,할아버지공장
1695,신창,145791269,,어니언
1696,신천,1301973155,010-3934-2301,할아버지공장
1697,신천,145791269,,어니언
1698,신천,1301973155,010-3934-2301,할아버지공장
1699,신천,145791269,,어니언
1700,신포,1301973155,010-3934-2301,할아버지공장
1701,신포,145791269,,어니언
1702,신포,1301973155,010-3934-2301,할아버지공장
1703,신포,145791269,,어니언
1704,신풍,1301973155,010-3934-2301,할아버지공장
1705,신풍,145791269,,어니언
1706,신풍,1301973155,010-3934-2301,할아버지공장
1707,신풍,145791269,,어니언
1708,신현,1301973155,010-3934-2301,할아버지공장
1709,신현,145791269,,어니언
1710,신현,1301973155,010-3934-2301,할아버지공장
1711,신현,145791269,,어니언
1712,신흥,1301973155,010-3934-2301,할아버지공장
1713,신흥,145791269,,어니언
1714,신흥,1301973155,010-3934-2301,할아버지공장
1715,신흥,145791269,,어니언
1716,쌍문,1301973155,010-3934-2301,할아버지공장
1717,쌍문,145791269,,어니언
1718,쌍문,1301973155,010-3934-2301,할아버지공장
1719,쌍문,145791269,,어니언
1720,쌍용,1301973155,010-3934-2301,할아버지공장
1721,쌍용,145791269,,어니언
1722,쌍용,1301973155,010-3934-2301,할아버지공장
1723,쌍용,145791269,,어니언
1724,아산,1301973155,010-3934-2301,할아버지공장
1725,아산,145791269,,어니언
1726,아산,1301973155,010-3934-2301,할아버지공장
1727,아산,145791269,,어니언
1728,아시아드경기장,1301973155,010-3934-2301,할아버지공장
1729,아시아드경기장,145791269,,어니언
1730,아시아드경기장,1301973155,010-3934-2301,할아버지공장
1731,아시아드경기장,145791269,,어니언
1732,아신,1301973155,010-3934-2301,할아버지공장
1733,아신,145791269,,어니언
1734,아신,1301973155,010-3934-2301,할아버지공장
1735,아신,145791269,,어니언
1736,아차산,1301973155,010-3934-2301,할아버지공장
1737,아차산,145791269,,어니언
1738,아차산,1301973155,010-3934-2301,할아버지공장
1739,아차산,145791269,,어니언
1740,아현,1301973155,010-3934-2301,할아버지공장
1741,아현,145791269,,어니언
1742,아현,1301973155,010-3934-2301,할아버지공장
1743,아현,145791269,,어니언
1744,안국,1301973155,010-3934-2301,할아버지공장
1745,안국,145791269,,어니언
1746,안국,1301973155,010-3934-2301,할아버지공장
1747,안국,145791269,,어니언
1748,안산,1301973155,010-3934-2301,할아버지공장
1749,안산,145791269,,어니언
1750,안산,1301973155,010-3934-2301,할아버지공장
1751,안산,145791269,,어니언
1752,안암,1301973155,010-3934-2301,할아버지공장
1753,안암,145791269,,어니언
1754,안암,1301973155,010-3934-2301,할아버지공장
1755,안암,145791269,,어니언
1756,안양,1301973155,010-3934-2301,할아버지공장
1757,안양,145791269,,어니언
1758,안양,1301973155,010-3934-2301,할아버지공장
1759,안양,145791269,,어니언
1760,암사,1301973155,010-3934-2301,할아버지공장
1761,암사,145791269,,어니언
1762,암사,1301973155,010-3934-2301,할아버지공장
1763,암사,145791269,,어니언
1764,압구정,1301973155,010-3934-2301,할아버지공장
1765,압구정,145791269,,어니언
1766,압구정,1301973155,010-3934-2301,할아버지공장
1767,압구정,145791269,,어니언
1768,압구정로데오,1301973155,010-3934-2301,할아버지공장
1769,압구정로데오,145791269,,어니언
1770,압구정로데오,1301973155,010-3934-2301,할아버지공장
1771,압구정로데오,145791269,,어니언
1772,애오개,1301973155,010-3934-2301,할아버지공장
1773,애오개,145791269,,어니언
1774,애오개,1301973155,010-3934-2301,할아버지공장
1775,애오개,145791269,,어니언
1776,야당,1301973155,010-3934-2301,할아버지공장
1777,야당,145791269,,어니언
1778,야당,1301973155,010-3934-2301,할아버지공장
1779,야당,145791269,,어니언
1780,야탑,1301973155,010-3934-2301,할아버지공장
1781,야탑,145791269,,어니언
1782,야탑,1301973155,010-3934-2301,할아버지공장
1783,야탑,145791269,,어니언
1784,양수,1301973155,010-3934-2301,할아버지공장
1785,양수,145791269,,어니언
1786,양수,1301973155,010-3934-2301,할아버지공장
1787,양수,145791269,,어니언
1788,양원,1301973155,010-3934-2301,할아버지공장
1789,양원,145791269,,어니언
1790,양원,1301973155,010-3934-2301,할아버지공장
1791,양원,145791269,,어니언
1792,양재시민의숲,1301973155,010-3934-2301,할아버지공장
1793,양재시민의숲,145791269,,어니언
1794,양재시민의숲,1301973155,010-3934-2301,할아버지공장
1795,양재시민의숲,145791269,,어니언
1796,양정,1301973155,010-3934-2301,할아버지공장
1797,양정,145791269,,어니언
1798,양정,1301973155,010-3934-2301,할아버지공장
1799,양정,145791269,,어니언
1800,양주,1301973155,010-3934-2301,할아버지공장
1801,양주,145791269,,어니언
1802,양주,1301973155,010-3934-2301,할아버지공장
1803,양주,145791269,,어니언
1804,양천구청,1301973155,010-3934-2301,할아버지공장
1805,양천구청,145791269,,어니언
1806,양천구청,1301973155,010-3934-2301,할아버지공장
1807,양천구청,145791269,,어니언
1808,양천향교,1301973155,010-3934-2301,할아버지공장
1809,양천향교,145791269,,어니언
1810,양천향교,1301973155,010-3934-2301,할아버지공장
1811,양천향교,145791269,,어니언
1812,양촌,1301973155,010-3934-2301,할아버지공장
1813,양촌,145791269,,어니언
1814,양촌,1301973155,010-3934-2301,할아버지공장
1815,양촌,145791269,,어니언
1816,어룡,1301973155,010-3934-2301,할아버지공장
1817,어룡,145791269,,어니언
1818,어룡,1301973155,010-3934-2301,할아버지공장
1819,어룡,145791269,,어니언
1820,어린이대공원,1301973155,010-3934-2301,할아버지공장
1821,어린이대공원,145791269,,어니언
1822,어린이대공원,1301973155,010-3934-2301,할아버지공장
1823,어린이대공원,145791269,,어니언
1824,어정,1301973155,010-3934-2301,할아버지공장
1825,어정,145791269,,어니언
1826,어정,1301973155,010-3934-2301,할아버지공장
1827,어정,145791269,,어니언
1828,언주,1301973155,010-3934-2301,할아버지공장
1829,언주,145791269,,어니언
1830,언주,1301973155,010-3934-2301,할아버지공장
1831,언주,145791269,,어니언
1832,여의나루,1301973155,010-3934-2301,할아버지공장
1833,여의나루,145791269,,어니언
1834,여의나루,1301973155,010-3934-2301,할아버지공장
1835,여의나루,145791269,,어니언
1836,여주,1301973155,010-3934-2301,할아버지공장
1837,여주,145791269,,어니언
1838,여주,1301973155,010-3934-2301,할아버지공장
1839,여주,145791269,,어니언
1840,역곡,1301973155,010-3934-2301,할아버지공장
1841,역곡,145791269,,어니언
1842,역곡,1301973155,010-3934-2301,할아버지공장
1843,역곡,145791269,,어니언
1844,역삼,1301973155,010-3934-2301,할아버지공장
1845,역삼,145791269,,어니언
1846,역삼,1301973155,010-3934-2301,할아버지공장
1847,역삼,145791269,,어니언
1848,역촌,1301973155,010-3934-2301,할아버지공장
1849,역촌,145791269,,어니언
1850,역촌,1301973155,010-3934-2301,할아버지공장
1851,역촌,145791269,,어니언
1852,연수,1301973155,010-3934-2301,할아버지공장
1853,연수,145791269,,어니언
1854,연수,1301973155,010-3934-2301,할아버지공장
1855,연수,145791269,,어니언
1856,염창,1301973155,010-3934-2301,할아버지공장
1857,염창,145791269,,어니언
1858,염창,1301973155,010-3934-2301,할아버지공장
1859,염창,145791269,,어니언
1860,영등포,1301973155,010-3934-2301,할아버지공장
1861,영등포,145791269,,어니언
1862,영등포,1301973155,010-3934-2301,할아버지공장
1863,영등포,145791269,,어니언
1864,영등포시장,1301973155,010-3934-2301,할아버지공장
1865,영등포시장,145791269,,어니언
1866,영등포시장,1301973155,010-3934-2301,할아버지공장
1867,영등포시장,145791269,,어니언
1868,영종,1301973155,010-3934-2301,할아버지공장
1869,영종,145791269,,어니언
1870,영종,1301973155,010-3934-2301,할아버지공장
1871,영종,145791269,,어니언
1872,영통,1301973155,010-3934-2301,할아버지공장
1873,영통,145791269,,어니언
1874,영통,1301973155,010-3934-2301,할아버지공장
1875,영통,145791269,,어니언
1876,예술회관,1301973155,010-3934-2301,할아버지공장
1877,예술회관,145791269,,어니언
1878,예술회관,1301973155,010-3934-2301,할아버지공장
1879,예술회관,145791269,,어니언
1880,오류동,1301973155,010-3934-2301,할아버지공장
1881,오류동,145791269,,어니언
1882,오류동,1301973155,010-3934-2301,할아버지공장
1883,오류동,145791269,,어니언
1884,오리,1301973155,010-3934-2301,할아버지공장
1885,오리,145791269,,어니언
1886,오리,1301973155,010-3934-2301,할아버지공장
1887,오리,145791269,,어니언
1888,오목교,1301973155,010-3934-2301,할아버지공장
1889,오목교,145791269,,어니언
1890,오목교,1301973155,010-3934-2301,할아버지공장
1891,오목교,145791269,,어니언
1892,오빈,1301973155,010-3934-2301,할아버지공장
1893,오빈,145791269,,어니언
1894,오빈,1301973155,010-3934-2301,할아버지공장
1895,오빈,145791269,,어니언
1896,오산,1301973155,010-3934-2301,할아버지공장
1897,오산,145791269,,어니언
1898,오산,1301973155,010-3934-2301,할아버지공장
1899,오산,145791269,,어니언
1900,오산대,1301973155,010-3934-2301,할아버지공장
1901,오산대,145791269,,어니언
1902,오산대,1301973155,010-3934-2301,할아버지공장
1903,오산대,145791269,,어니언
1904,온양온천,1301973155,010-3934-2301,할아버지공장
1905,온양온천,145791269,,어니언
1906,온양온천,1301973155,010-3934-2301,할아버지공장
1907,온양온천,145791269,,어니언
1908,완정,1301973155,010-3934-2301,할아버지공장
1909,완정,145791269,,어니언
1910,완정,1301973155,010-3934-2301,할아버지공장
1911,완정,145791269,,어니언
1912,왕길,1301973155,010-3934-2301,할아버지공장
1913,왕길,145791269,,어니언
1914,왕길,1301973155,010-3934-2301,할아버지공장
1915,왕길,145791269,,어니언
1916,외대앞,1301973155,010-3934-2301,할아버지공장
1917,외대앞,145791269,,어니언
1918,외대앞,1301973155,010-3934-2301,할아버지공장
1919,외대앞,145791269,,어니언
1920,용답,1301973155,010-3934-2301,할아버지공장
1921,용답,145791269,,어니언
1922,용답,1301973155,010-3934-2301,할아버지공장
1923,용답,145791269,,어니언
1924,용두,1301973155,010-3934-2301,할아버지공장
1925,용두,145791269,,어니언
1926,용두,1301973155,010-3934-2301,할아버지공장
1927,용두,145791269,,어니언
1928,용마산,1301973155,010-3934-2301,할아버지공장
1929,용마산,145791269,,어니언
1930,용마산,1301973155,010-3934-2301,할아버지공장
1931,용마산,145791269,,어니언
1932,용문,1301973155,010-3934-2301,할아버지공장
1933,용문,145791269,,어니언
1934,용문,1301973155,010-3934-2301,할아버지공장
1935,용문,145791269,,어니언
1936,우장산,1301973155,010-3934-2301,할아버지공장
1937,우장산,145791269,,어니언
1938,우장산,1301973155,010-3934-2301,할아버지공장
1939,우장산,145791269,,어니언
1940,운길산,1301973155,010-3934-2301,할아버지공장
1941,운길산,145791269,,어니언
1942,운길산,1301973155,010-3934-2301,할아버지공장
1943,운길산,145791269,,어니언
1944,운동장.송담대,1301973155,010-3934-2301,할아버지공장
1945,운동장.송담대,145791269,,어니언
1946,운동장.송담대,1301973155,010-3934-2301,할아버지공장
1947,운동장.송담대,145791269,,어니언
1948,운서,1301973155,010-3934-2301,할아버지공장
1949,운서,145791269,,어니언
1950,운서,1301973155,010-3934-2301,할아버지공장
1951,운서,145791269,,어니언
1952,운양,1301973155,010-3934-2301,할아버지공장
1953,운양,145791269,,어니언
1954,운양,1301973155,010-3934-2301,할아버지공장
1955,운양,145791269,,어니언
1956,운연,1301973155,010-3934-2301,할아버지공장
1957,운연,145791269,,어니언
1958,운연,1301973155,010-3934-2301,할아버지공장
1959,운연,145791269,,어니언
1960,운정,1301973155,010-3934-2301,할아버지공장
1961,운정,145791269,,어니언
1962,운정,1301973155,010-3934-2301,할아버지공장
1963,운정,145791269,,어니언
1964,원곡,1301973155,010-3934-2301,할아버지공장
1965,원곡,145791269,,어니언
1966,원곡,1301973155,010-3934-2301,할아버지공장
1967,원곡,145791269,,어니언
1968,원당,1301973155,010-3934-2301,할아버지공장
1969,원당,145791269,,어니언
1970,원당,1301973155,010-3934-2301,할아버지공장
1971,원당,145791269,,어니언
1972,원덕,1301973155,010-3934-2301,할아버지공장
1973,원덕,145791269,,어니언
1974,원덕,1301973155,010-3934-2301,할아버지공장
1975,원덕,145791269,,어니언
1976,원시,1301973155,010-3934-2301,할아버지공장
1977,원시,145791269,,어니언
1978,원시,1301973155,010-3934-2301,할아버지공장
1979,원시,145791269,,어니언
1980,원흥,1301973155,010-3934-2301,할아버지공장
1981,원흥,145791269,,어니언
1982,원흥,1301973155,010-3934-2301,할아버지공장
1983,원흥,145791269,,어니언
1984,월계,1301973155,010-3934-2301,할아버지공장
1985,월계,145791269,,어니언
1986,월계,1301973155,010-3934-2301,할아버지공장
1987,월계,145791269,,어니언
1988,월곡,1301973155,010-3934-2301,할아버지공장
1989,월곡,145791269,,어니언
1990,월곡,1301973155,010-3934-2301,할아버지공장
1991,월곡,145791269,,어니언
1992,월곶,1301973155,010-3934-2301,할아버지공장
1993,월곶,145791269,,어니언
1994,월곶,1301973155,010-3934-2301,할아버지공장
1995,월곶,145791269,,어니언
1996,월드컵경기장,1301973155,010-3934-2301,할아버지공장
1997,월드컵경기장,145791269,,어니언
1998,월드컵경기장,1301973155,010-3934-2301,할아버지공장
1999,월드컵경기장,145791269,,어니언
2000,월롱,1301973155,010-3934-2301,할아버지공장
2001,월롱,145791269,,어니언
2002,월롱,1301973155,010-3934-2301,할아버지공장
2003,월롱,145791269,,어니언
2004,을지로입구,1301973155,010-3934-2301,할아버지공장
2005,을지로입구,145791269,,어니언
2006,을지로입구,1301973155,010-3934-2301,할아버지공장
2007,을지로입구,145791269,,어니언
2008,응봉,1301973155,010-3934-2301,할아버지공장
2009,응봉,145791269,,어니언
2010,응봉,1301973155,010-3934-2301,할아버지공장
2011,응봉,145791269,,어니언
2012,응암,1301973155,010-3934-2301,할아버지공장
2013,응암,145791269,,어니언
2014,응암,1301973155,010-3934-2301,할아버지공장
2015,응암,145791269,,어니언
2016,의왕,1301973155,010-3934-2301,할아버지공장
2017,의왕,145791269,,어니언
2018,의왕,1301973155,010-3934-2301,할아버지공장
2019,의왕,145791269,,어니언
2020,의정부,1301973155,010-3934-2301,할아버지공장
2021,의정부,145791269,,어니언
2022,의정부,1301973155,010-3934-2301,할아버지공장
2023,의정부,145791269,,어니언
2024,의정부시청,1301973155,010-3934-2301,할아버지공장
2025,의정부시청,145791269,,어니언
2026,의정부시청,1301973155,010-3934-2301,할아버지공장
2027,의정부시청,145791269,,어니언
2028,의정부중앙,1301973155,010-3934-2301,할아버지공장
2029,의정부중앙,145791269,,어니언
2030,의정부중앙,1301973155,010-3934-2301,할아버지공장
2031,의정부중앙,145791269,,어니언
2032,이대,1301973155,010-3934-2301,할아버지공장
2033,이대,145791269,,어니언
2034,이대,1301973155,010-3934-2301,할아버지공장
2035,이대,145791269,,어니언
2036,이수,1301973155,010-3934-2301,할아버지공장
2037,이수,145791269,,어니언
2038,이수,1301973155,010-3934-2301,할아버지공장
2039,이수,145791269,,어니언
2040,이천,1301973155,010-3934-2301,할아버지공장
2041,이천,145791269,,어니언
2042,이천,1301973155,010-3934-2301,할아버지공장
2043,이천,145791269,,어니언
2044,이태원,1301973155,010-3934-2301,할아버지공장
2045,이태원,145791269,,어니언
2046,이태원,1301973155,010-3934-2301,할아버지공장
2047,이태원,145791269,,어니언
2048,인덕원,1301973155,010-3934-2301,할아버지공장
2049,인덕원,145791269,,어니언
2050,인덕원,1301973155,010-3934-2301,할아버지공장
2051,인덕원,145791269,,어니언
2052,인천가좌,1301973155,010-3934-2301,할아버지공장
2053,인천가좌,145791269,,어니언
2054,인천가좌,1301973155,010-3934-2301,할아버지공장
2055,인천가좌,145791269,,어니언
2056,인천공항1터미널,1301973155,010-3934-2301,할아버지공장
2057,인천공항1터미널,145791269,,어니언
2058,인천공항1터미널,1301973155,010-3934-2301,할아버지공장
2059,인천공항1터미널,145791269,,어니언
2060,인천공항2터미널,1301973155,010-3934-2301,할아버지공장
2061,인천공항2터미널,145791269,,어니언
2062,인천공항2터미널,1301973155,010-3934-2301,할아버지공장
2063,인천공항2터미널,145791269,,어니언
2064,인천논현,1301973155,010-3934-2301,할아버지공장
2065,인천논현,145791269,,어니언
2066,인천논현,1301973155,010-3934-2301,할아버지공장
2067,인천논현,145791269,,어니언
2068,인천대공원,1301973155,010-3934-2301,할아버지공장
2069,인천대공원,145791269,,어니언
2070,인천대공원,1301973155,010-3934-2301,할아버지공장
2071,인천대공원,145791269,,어니언
2072,인천대입구,1301973155,010-3934-2301,할아버지공장
2073,인천대입구,145791269,,어니언
2074,인천대입구,1301973155,010-3934-2301,할아버지공장
2075,인천대입구,145791269,,어니언
2076,인천터미널,1301973155,010-3934-2301,할아버지공장
2077,인천터미널,145791269,,어니언
2078,인천터미널,1301973155,010-3934-2301,할아버지공장
2079,인천터미널,145791269,,어니언
2080,인하대,1301973155,010-3934-2301,할아버지공장
2081,인하대,145791269,,어니언
2082,인하대,1301973155,010-3934-2301,할아버지공장
2083,인하대,145791269,,어니언
2084,일산,1301973155,010-3934-2301,할아버지공장
2085,일산,145791269,,어니언
2086,일산,1301973155,010-3934-2301,할아버지공장
2087,일산,145791269,,어니언
2088,일원,1301973155,010-3934-2301,할아버지공장
2089,일원,145791269,,어니언
2090,일원,1301973155,010-3934-2301,할아버지공장
2091,일원,145791269,,어니언
2092,임진강,1301973155,010-3934-2301,할아버지공장
2093,임진강,145791269,,어니언
2094,임진강,1301973155,010-3934-2301,할아버지공장
2095,임진강,145791269,,어니언
2096,임학,1301973155,010-3934-2301,할아버지공장
2097,임학,145791269,,어니언
2098,임학,1301973155,010-3934-2301,할아버지공장
2099,임학,145791269,,어니언
2100,작전,1301973155,010-3934-2301,할아버지공장
2101,작전,145791269,,어니언
2102,작전,1301973155,010-3934-2301,할아버지공장
2103,작전,145791269,,어니언
2104,잠실나루,1301973155,010-3934-2301,할아버지공장
2105,잠실나루,145791269,,어니언
2106,잠실나루,1301973155,010-3934-2301,할아버지공장
2107,잠실나루,145791269,,어니언
2108,잠실새내,1301973155,010-3934-2301,할아버지공장
2109,잠실새내,145791269,,어니언
2110,잠실새내,1301973155,010-3934-2301,할아버지공장
2111,잠실새내,145791269,,어니언
2112,잠원,1301973155,010-3934-2301,할아버지공장
2113,잠원,145791269,,어니언
2114,잠원,1301973155,010-3934-2301,할아버지공장
2115,잠원,145791269,,어니언
2116,장기,1301973155,010-3934-2301,할아버지공장
2117,장기,145791269,,어니언
2118,장기,1301973155,010-3934-2301,할아버지공장
2119,장기,145791269,,어니언
2120,장승배기,1301973155,010-3934-2301,할아버지공장
2121,장승배기,145791269,,어니언
2122,장승배기,1301973155,010-3934-2301,할아버지공장
2123,장승배기,145791269,,어니언
2124,장암,1301973155,010-3934-2301,할아버지공장
2125,장암,145791269,,어니언
2126,장암,1301973155,010-3934-2301,할아버지공장
2127,장암,145791269,,어니언
2128,장지,1301973155,010-3934-2301,할아버지공장
2129,장지,145791269,,어니언
2130,장지,1301973155,010-3934-2301,할아버지공장
2131,장지,145791269,,어니언
2132,장한평,1301973155,010-3934-2301,할아버지공장
2133,장한평,145791269,,어니언
2134,장한평,1301973155,010-3934-2301,할아버지공장
2135,장한평,145791269,,어니언
2136,전대.에버랜드,1301973155,010-3934-2301,할아버지공장
2137,전대.에버랜드,145791269,,어니언
2138,전대.에버랜드,1301973155,010-3934-2301,할아버지공장
2139,전대.에버랜드,145791269,,어니언
2140,정릉,1301973155,010-3934-2301,할아버지공장
2141,정릉,145791269,,어니언
2142,정릉,1301973155,010-3934-2301,할아버지공장
2143,정릉,145791269,,어니언
2144,정발산,1301973155,010-3934-2301,할아버지공장
2145,정발산,145791269,,어니언
2146,정발산,1301973155,010-3934-2301,할아버지공장
2147,정발산,145791269,,어니언
2148,정부과천청사,1301973155,010-3934-2301,할아버지공장
2149,정부과천청사,145791269,,어니언
2150,정부과천청사,1301973155,010-3934-2301,할아버지공장
2151,정부과천청사,145791269,,어니언
2152,정왕,1301973155,010-3934-2301,할아버지공장
2153,정왕,145791269,,어니언
2154,정왕,1301973155,010-3934-2301,할아버지공장
2155,정왕,145791269,,어니언
2156,제기동,1301973155,010-3934-2301,할아버지공장
2157,제기동,145791269,,어니언
2158,제기동,1301973155,010-3934-2301,할아버지공장
2159,제기동,145791269,,어니언
2160,제물포,1301973155,010-3934-2301,할아버지공장
2161,제물포,145791269,,어니언
2162,제물포,1301973155,010-3934-2301,할아버지공장
2163,제물포,145791269,,어니언
2164,종각,1301973155,010-3934-2301,할아버지공장
2165,종각,145791269,,어니언
2166,종각,1301973155,010-3934-2301,할아버지공장
2167,종각,145791269,,어니언
2168,종로5가,1301973155,010-3934-2301,할아버지공장
2169,종로5가,145791269,,어니언
2170,종로5가,1301973155,010-3934-2301,할아버지공장
2171,종로5가,145791269,,어니언
2172,주안국가산단,1301973155,010-3934-2301,할아버지공장
2173,주안국가산단,145791269,,어니언
2174,주안국가산단,1301973155,010-3934-2301,할아버지공장
2175,주안국가산단,145791269,,어니언
2176,주엽,1301973155,010-3934-2301,할아버지공장
2177,주엽,145791269,,어니언
2178,주엽,1301973155,010-3934-2301,할아버지공장
2179,주엽,145791269,,어니언
2180,죽전,1301973155,010-3934-2301,할아버지공장
2181,죽전,145791269,,어니언
2182,죽전,1301973155,010-3934-2301,할아버지공장
2183,죽전,145791269,,어니언
2184,중계,1301973155,010-3934-2301,할아버지공장
2185,중계,145791269,,어니언
2186,중계,1301973155,010-3934-2301,할아버지공장
2187,중계,145791269,,어니언
2188,중곡,1301973155,010-3934-2301,할아버지공장
2189,중곡,145791269,,어니언
2190,중곡,1301973155,010-3934-2301,할아버지공장
2191,중곡,145791269,,어니언
2192,중동,1301973155,010-3934-2301,할아버지공장
2193,중동,145791269,,어니언
2194,중동,1301973155,010-3934-2301,할아버지공장
2195,중동,145791269,,어니언
2196,중앙,1301973155,010-3934-2301,할아버지공장
2197,중앙,145791269,,어니언
2198,중앙,1301973155,010-3934-2301,할아버지공장
2199,중앙,145791269,,어니언
2200,중앙보훈병원,1301973155,010-3934-2301,할아버지공장
2201,중앙보훈병원,145791269,,어니언
2202,중앙보훈병원,1301973155,010-3934-2301,할아버지공장
2203,중앙보훈병원,145791269,,어니언
2204,중화,1301973155,010-3934-2301,할아버지공장
2205,중화,145791269,,어니언
2206,중화,1301973155,010-3934-2301,할아버지공장
2207,중화,145791269,,어니언
2208,증미,1301973155,010-3934-2301,할아버지공장
2209,증미,145791269,,어니언
2210,증미,1301973155,010-3934-2301,할아버지공장
2211,증미,145791269,,어니언
2212,증산,1301973155,010-3934-2301,할아버지공장
2213,증산,145791269,,어니언
2214,증산,1301973155,010-3934-2301,할아버지공장
2215,증산,145791269,,어니언
2216,지석,1301973155,010-3934-2301,할아버지공장
2217,지석,145791269,,어니언
2218,지석,1301973155,010-3934-2301,할아버지공장
2219,지석,145791269,,어니언
2220,지식정보단지,1301973155,010-3934-2301,할아버지공장
2221,지식정보단지,145791269,,어니언
2222,지식정보단지,1301973155,010-3934-2301,할아버지공장
2223,지식정보단지,145791269,,어니언
2224,지제,1301973155,010-3934-2301,할아버지공장
2225,지제,145791269,,어니언
2226,지제,1301973155,010-3934-2301,할아버지공장
2227,지제,145791269,,어니언
2228,지축,1301973155,010-3934-2301,할아버지공장
2229,지축,145791269,,어니언
2230,지축,1301973155,010-3934-2301,할아버지공장
2231,지축,145791269,,어니언
2232,지평,1301973155,010-3934-2301,할아버지공장
2233,지평,145791269,,어니언
2234,지평,1301973155,010-3934-2301,할아버지공장
2235,지평,145791269,,어니언
2236,지행,1301973155,010-3934-2301,할아버지공장
2237,지행,145791269,,어니언
2238,지행,1301973155,010-3934-2301,할아버지공장
2239,지행,145791269,,어니언
2240,직산,1301973155,010-3934-2301,할아버지공장
2241,직산,145791269,,어니언
2242,직산,1301973155,010-3934-2301,할아버지공장
2243,직산,145791269,,어니언
2244,진위,1301973155,010-3934-2301,할아버지공장
2245,진위,145791269,,어니언
2246,진위,1301973155,010-3934-2301,할아버지공장
2247,진위,145791269,,어니언
2248,창신,1301973155,010-3934-2301,할아버지공장
2249,창신,145791269,,어니언
2250,창신,1301973155,010-3934-2301,할아버지공장
2251,창신,145791269,,어니언
2252,천마산,1301973155,010-3934-2301,할아버지공장
2253,천마산,145791269,,어니언
2254,천마산,1301973155,010-3934-2301,할아버지공장
2255,천마산,145791269,,어니언
2256,천안,1301973155,010-3934-2301,할아버지공장
2257,천안,145791269,,어니언
2258,천안,1301973155,010-3934-2301,할아버지공장
2259,천안,145791269,,어니언
2260,천왕,1301973155,010-3934-2301,할아버지공장
2261,천왕,145791269,,어니언
2262,천왕,1301973155,010-3934-2301,할아버지공장
2263,천왕,145791269,,어니언
2264,철산,1301973155,010-3934-2301,할아버지공장
2265,철산,145791269,,어니언
2266,철산,1301973155,010-3934-2301,할아버지공장
2267,철산,145791269,,어니언
2268,청계산입구,1301973155,010-3934-2301,할아버지공장
2269,청계산입구,145791269,,어니언
2270,청계산입구,1301973155,010-3934-2301,할아버지공장
2271,청계산입구,145791269,,어니언
2272,청담,1301973155,010-3934-2301,할아버지공장
2273,청담,145791269,,어니언
2274,청담,1301973155,010-3934-2301,할아버지공장
2275,청담,145791269,,어니언
2276,청라국제도시,1301973155,010-3934-2301,할아버지공장
2277,청라국제도시,145791269,,어니언
2278,청라국제도시,1301973155,010-3934-2301,할아버지공장
2279,청라국제도시,145791269,,어니언
2280,청명,1301973155,010-3934-2301,할아버지공장
2281,청명,145791269,,어니언
2282,청명,1301973155,010-3934-2301,할아버지공장
2283,청명,145791269,,어니언
2284,청평,1301973155,010-3934-2301,할아버지공장
2285,청평,145791269,,어니언
2286,청평,1301973155,010-3934-2301,할아버지공장
2287,청평,145791269,,어니언
2288,초당,1301973155,010-3934-2301,할아버지공장
2289,초당,145791269,,어니언
2290,초당,1301973155,010-3934-2301,할아버지공장
2291,초당,145791269,,어니언
2292,초월,1301973155,010-3934-2301,할아버지공장
2293,초월,145791269,,어니언
2294,초월,1301973155,010-3934-2301,할아버지공장
2295,초월,145791269,,어니언
2296,총신대입구,1301973155,010-3934-2301,할아버지공장
2297,총신대입구,145791269,,어니언
2298,총신대입구,1301973155,010-3934-2301,할아버지공장
2299,총신대입구,145791269,,어니언
2300,춘의,1301973155,010-3934-2301,할아버지공장
2301,춘의,145791269,,어니언
2302,춘의,1301973155,010-3934-2301,할아버지공장
2303,춘의,145791269,,어니언
2304,춘천,1301973155,010-3934-2301,할아버지공장
2305,춘천,145791269,,어니언
2306,춘천,1301973155,010-3934-2301,할아버지공장
2307,춘천,145791269,,어니언
2308,캠퍼스타운,1301973155,010-3934-2301,할아버지공장
2309,캠퍼스타운,145791269,,어니언
2310,캠퍼스타운,1301973155,010-3934-2301,할아버지공장
2311,캠퍼스타운,145791269,,어니언
2312,탄현,1301973155,010-3934-2301,할아버지공장
2313,탄현,145791269,,어니언
2314,탄현,1301973155,010-3934-2301,할아버지공장
2315,탄현,145791269,,어니언
2316,탑석,1301973155,010-3934-2301,할아버지공장
2317,탑석,145791269,,어니언
2318,탑석,1301973155,010-3934-2301,할아버지공장
2319,탑석,145791269,,어니언
2320,태평,1301973155,010-3934-2301,할아버지공장
2321,태평,145791269,,어니언
2322,태평,1301973155,010-3934-2301,할아버지공장
2323,태평,145791269,,어니언
2324,테크노파크,1301973155,010-3934-2301,할아버지공장
2325,테크노파크,145791269,,어니언
2326,테크노파크,1301973155,010-3934-2301,할아버지공장
2327,테크노파크,145791269,,어니언
2328,퇴계원,1301973155,010-3934-2301,할아버지공장
2329,퇴계원,145791269,,어니언
2330,퇴계원,1301973155,010-3934-2301,할아버지공장
2331,퇴계원,145791269,,어니언
2332,파주,1301973155,010-3934-2301,할아버지공장
2333,파주,145791269,,어니언
2334,파주,1301973155,010-3934-2301,할아버지공장
2335,파주,145791269,,어니언
2336,팔당,1301973155,010-3934-2301,할아버지공장
2337,팔당,145791269,,어니언
2338,팔당,1301973155,010-3934-2301,할아버지공장
2339,팔당,145791269,,어니언
2340,평내호평,1301973155,010-3934-2301,할아버지공장
2341,평내호평,145791269,,어니언
2342,평내호평,1301973155,010-3934-2301,할아버지공장
2343,평내호평,145791269,,어니언
2344,평촌,1301973155,010-3934-2301,할아버지공장
2345,평촌,145791269,,어니언
2346,평촌,1301973155,010-3934-2301,할아버지공장
2347,평촌,145791269,,어니언
2348,평택,1301973155,010-3934-2301,할아버지공장
2349,평택,145791269,,어니언
2350,평택,1301973155,010-3934-2301,할아버지공장
2351,평택,145791269,,어니언
2352,풍무,1301973155,010-3934-2301,할아버지공장
2353,풍무,145791269,,어니언
2354,풍무,1301973155,010-3934-2301,할아버지공장
2355,풍무,145791269,,어니언
2356,풍산,1301973155,010-3934-2301,할아버지공장
2357,풍산,145791269,,어니언
2358,풍산,1301973155,010-3934-2301,할아버지공장
2359,풍산,145791269,,어니언
2360,하계,1301973155,010-3934-2301,할아버지공장
2361,하계,145791269,,어니언
2362,하계,1301973155,010-3934-2301,할아버지공장
2363,하계,145791269,,어니언
2364,하남풍산,1301973155,010-3934-2301,할아버지공장
2365,하남풍산,145791269,,어니언
2366,하남풍산,1301973155,010-3934-2301,할아버지공장
2367,하남풍산,145791269,,어니언
2368,학동,1301973155,010-3934-2301,할아버지공장
2369,학동,145791269,,어니언
2370,학동,1301973155,010-3934-2301,할아버지공장
2371,학동,145791269,,어니언
2372,학여울,1301973155,010-3934-2301,할아버지공장
2373,학여울,145791269,,어니언
2374,학여울,1301973155,010-3934-2301,할아버지공장
2375,학여울,145791269,,어니언
2376,한강진,1301973155,010-3934-2301,할아버지공장
2377,한강진,145791269,,어니언
2378,한강진,1301973155,010-3934-2301,할아버지공장
2379,한강진,145791269,,어니언
2380,한남,1301973155,010-3934-2301,할아버지공장
2381,한남,145791269,,어니언
2382,한남,1301973155,010-3934-2301,할아버지공장
2383,한남,145791269,,어니언
2384,한대앞,1301973155,010-3934-2301,할아버지공장
2385,한대앞,145791269,,어니언
2386,한대앞,1301973155,010-3934-2301,할아버지공장
2387,한대앞,145791269,,어니언
2388,한성대입구,1301973155,010-3934-2301,할아버지공장
2389,한성대입구,145791269,,어니언
2390,한성대입구,1301973155,010-3934-2301,할아버지공장
2391,한성대입구,145791269,,어니언
2392,한성백제,1301973155,010-3934-2301,할아버지공장
2393,한성백제,145791269,,어니언
2394,한성백제,1301973155,010-3934-2301,할아버지공장
2395,한성백제,145791269,,어니언
2396,한양대,1301973155,010-3934-2301,할아버지공장
2397,한양대,145791269,,어니언
2398,한양대,1301973155,010-3934-2301,할아버지공장
2399,한양대,145791269,,어니언
2400,한티,1301973155,010-3934-2301,할아버지공장
2401,한티,145791269,,어니언
2402,한티,1301973155,010-3934-2301,할아버지공장
2403,한티,145791269,,어니언
2404,행당,1301973155,010-3934-2301,할아버지공장
2405,행당,145791269,,어니언
2406,행당,1301973155,010-3934-2301,할아버지공장
2407,행당,145791269,,어니언
2408,행신,1301973155,010-3934-2301,할아버지공장
2409,행신,145791269,,어니언
2410,행신,1301973155,010-3934-2301,할아버지공장
2411,행신,145791269,,어니언
2412,혜화,1301973155,010-3934-2301,할아버지공장
2413,혜화,145791269,,어니언
2414,혜화,1301973155,010-3934-2301,할아버지공장
2415,혜화,145791269,,어니언
2416,호구포,1301973155,010-3934-2301,할아버지공장
2417,호구포,145791269,,어니언
2418,호구포,1301973155,010-3934-2301,할아버지공장
2419,호구포,145791269,,어니언
2420,홍제,1301973155,010-3934-2301,할아버지공장
2421,홍제,145791269,,어니언
2422,홍제,1301973155,010-3934-2301,할아버지공장
2423,홍제,145791269,,어니언
2424,화계,1301973155,010-3934-2301,할아버지공장
2425,화계,145791269,,어니언
2426,화계,1301973155,010-3934-2301,할아버지공장
2427,화계,145791269,,어니언
2428,화곡,1301973155,010-3934-2301,할아버지공장
2429,화곡,145791269,,어니언
2430,화곡,1301973155,010-3934-2301,할아버지공장
2431,화곡,145791269,,어니언
2432,화랑대,1301973155,010-3934-2301,할아버지공장
2433,화랑대,145791269,,어니언
2434,화랑대,1301973155,010-3934-2301,할아버지공장
2435,화랑대,145791269,,어니언
2436,화서,1301973155,010-3934-2301,할아버지공장
2437,화서,145791269,,어니언
2438,화서,1301973155,010-3934-2301,할아버지공장
2439,화서,145791269,,어니언
2440,화전,1301973155,010-3934-2301,할아버지공장
2441,화전,145791269,,어니언
2442,화전,1301973155,010-3934-2301,할아버지공장
2443,화전,145791269,,어니언
2444,화정,1301973155,010-3934-2301,할아버지공장
2445,화정,145791269,,어니언
2446,화정,1301973155,010-3934-2301,할아버지공장
2447,화정,145791269,,어니언
2448,회현,1301973155,010-3934-2301,할아버지공장
2449,회현,145791269,,어니언
2450,회현,1301973155,010-3934-2301,할아버지공장
2451,회현,145791269,,어니언
2452,효자,1301973155,010-3934-2301,할아버지공장
2453,효자,145791269,,어니언
2454,효자,1301973155,010-3934-2301,할아버지공장
2455,효자,145791269,,어니언
2456,흑석,1301973155,010-3934-2301,할아버지공장
2457,흑석,145791269,,어니언
2458,흑석,1301973155,010-3934-2301,할아버지공장
2459,흑석,145791269,,어니언
2460,흥선,1301973155,010-3934-2301,할아버지공장
2461,흥선,145791269,,어니언
2462,흥선,1301973155,010-3934-2301,할아버지공장
2463,흥선,145791269,,어니언
